node;instance_name;dimension_0;dimension_1
gen.0.0;ğŸ‘§ğŸ¾;-12.428947758330732;6.597896289835736
gen.0.0;ğŸ»;-8.648552550050018;12.934462210741819
gen.0.0;ğŸ„ğŸ¼;-9.796109238057;14.01874610507046
gen.0.0;ğŸ†;-11.091688292220425;9.407893626897081
gen.0.0;ğŸš±;-11.080543046568248;8.857985228442438
gen.0.0.0;ğŸ‡±ğŸ‡º;-15.07456185118465;14.798243630203672
gen.0.0.0;ğŸ‡¨ğŸ‡´;-17.156200211227432;10.26712163231213
gen.0.0.0;ğŸŒ†;-15.714970023617619;11.864734402484213
gen.0.0.0;ğŸ‡µğŸ‡¸;-17.876107986871414;11.880663316324553
gen.0.0.1;ğŸˆ²;-9.40177141940654;10.471167561627828
gen.0.0.1;ãŠ™ï¸;-9.396737816218643;10.473375671787046
gen.0.0.1;ğŸˆ¹;-9.378795175567115;10.464727125029453
gen.0.0.1;ãŠ—ï¸;-9.369105827026672;10.427495721327706
gen.0.0.2;ğŸ½;-11.000519172640244;12.173212189316079
gen.0.0.2;ğŸšŸ;-11.678279389903986;11.852356996421749
gen.0.0.2;ğŸ“³;-12.2695556877704;11.086943073128767
gen.0.0.2;â™;-12.96943743401391;11.307533099807006
gen.0.0.2;â™‘;-13.249343463256064;12.392994830181676
gen.0.0.2;â™ˆ;-13.39999457666254;11.765031671959543
gen.0.0.2;ğŸš³;-11.695994140113472;10.957801899318577
gen.0.0.2;â™;-12.946274508637194;11.419801163271456
gen.0.0.2;â™Œ;-13.347536540712799;12.219171205491056
gen.0.0.2;â™Š;-13.135284105834813;12.130680379650961
gen.0.0.2;â›;-13.142032988646784;11.967981778956695
gen.0.0.2;ğŸ†”;-12.171595320898712;11.45282013463978
gen.0.0.2;â™;-12.895059949290545;11.457728349016685
gen.0.0.2;â;-11.974292121253669;11.483173989336176
gen.0.0.2;ğŸ“”;-11.60912653714862;11.733408032436973
gen.0.0.3;â™ ï¸;-11.869197911007207;16.112959326332273
gen.0.0.3;â™¦ï¸;-11.939900757810777;16.17244192636224
gen.0.0.3;â™£ï¸;-11.971101092198827;16.133583151457234
gen.0.0.4;ğŸˆ¶;-11.962479085710306;9.259651056725469
gen.0.0.4;ğŸ‰‘;-11.966567532424321;9.693632427183763
gen.0.0.4;ğŸˆ¸;-11.821129697921293;9.656938118799452
gen.0.0.4;ğŸˆº;-11.853908429101915;9.559280084065104
gen.0.0.4;ğŸˆš;-11.61440277301965;9.482250339826368
gen.0.0.4;ğŸˆ³;-11.966729736658388;9.736702949964965
gen.0.0.4;ğŸˆ·ï¸;-11.827432700450684;9.737766576392794
gen.0.0.5;â™¥ï¸;-11.672459657367366;15.885267572015687
gen.0.0.6;ğŸ‡¨ğŸ‡¨;-14.402622124262578;8.820033132508245
gen.0.0.6;ğŸ‡²ğŸ‡·;-14.515486310432998;8.665807419724455
gen.0.0.6;ğŸ‡²ğŸ‡´;-14.436140339072782;8.75108747664962
gen.0.0.6;ğŸ‡³ğŸ‡«;-14.405563332070221;8.759823896201254
gen.0.1.0;ğŸ‡¦ğŸ‡¼;-15.88309169899134;5.145734020078279
gen.0.1.0;ğŸ‡¸ğŸ‡®;-15.19914583716886;6.1772145213581435
gen.0.1.0;ğŸ‡©ğŸ‡²;-15.408540763452386;7.202045935009986
gen.0.1.0;ğŸ‡·ğŸ‡´;-15.115870855189296;5.2183629201602875
gen.0.1.0;ğŸ‡«ğŸ‡´;-15.826356675258735;4.988924308777375
gen.0.1.0;ğŸ‡¦ğŸ‡²;-14.57366155770488;5.766253800846403
gen.0.1.0.0;ğŸ‡¦ğŸ‡¿;-16.193779914681613;6.216921960647541
gen.0.1.0.0;ğŸ‡§ğŸ‡¾;-16.294258953174005;5.743349232314613
gen.0.1.0.0;ğŸ‡§ğŸ‡§;-16.058140694196936;6.284968718362892
gen.0.1.0.0;ğŸ‡¦ğŸ‡½;-16.0762215404851;5.797223444655254
gen.0.1.0.0;ğŸ‡ªğŸ‡¨;-15.980291471754784;5.683225843445998
gen.0.1.0.0;ğŸ‡µğŸ‡¦;-16.376113831058213;5.7003615553163804
gen.0.1.0.1;ğŸ‡¦ğŸ‡«;-14.228727350076023;4.8106530490354995
gen.0.1.1;ğŸ‡¦ğŸ‡´;-17.919665325556775;6.205194274298919
gen.0.1.1;ğŸ‡§ğŸ‡´;-17.946205197113247;7.711604058622627
gen.0.1.1;ğŸ‡§ğŸ‡¬;-18.175341452651796;6.821005500070567
gen.0.1.1;ğŸ‡¦ğŸ‡®;-16.179537071251477;6.868481023829656
gen.0.1.1;ğŸ‡§ğŸ‡«;-17.671196686841068;6.765231054476477
gen.0.1.1;ğŸ‡¦ğŸ‡¸;-16.888565755171367;6.1002210634871
gen.0.1.1;ğŸ‡§ğŸ‡¯;-17.336669700501606;6.695630727702653
gen.0.1.1.0;ğŸ‡§ğŸ‡©;-17.106913712312963;6.189987529235381
gen.0.1.1.0;ğŸ‡¦ğŸ‡¶;-16.99420147030879;6.086239250380215
gen.0.1.1.0;ğŸ‡§ğŸ‡¼;-17.08956566415179;6.833158432015214
gen.0.1.1.0;ğŸ‡¦ğŸ‡©;-17.165830594009922;6.205431689174348
gen.0.1.1.0;ğŸ‡¦ğŸ‡¬;-17.192288682554093;5.890611427374559
gen.0.1.1.0;ğŸ‡§ğŸ‡¿;-17.135552154932785;6.644313688667138
gen.0.1.1.0;ğŸ‡§ğŸ‡®;-17.06005826636955;5.485582500504618
gen.0.1.1.0;ğŸ‡©ğŸ‡¿;-17.04638454049889;6.131634338610777
gen.0.1.1.1;ğŸ‡§ğŸ‡¦;-16.760679419437544;7.265936716071695
gen.0.1.1.1;ğŸ‡»ğŸ‡¬;-16.668831747794385;7.56636573432446
gen.0.1.2;ğŸ‡ªğŸ‡¬;-19.354492652780216;4.082813581514227
gen.0.1.2;ğŸ‡¸ğŸ‡»;-18.59059508080238;4.99822895844058
gen.0.1.2;ğŸ‡²ğŸ‡¾;-16.235362324917;4.492006732555763
gen.0.1.2;ğŸ‡«ğŸ‡®;-18.767374332312382;5.681899461272057
gen.0.1.2;ğŸ‡¬ğŸ‡³;-17.69585213717292;3.9715771664568855
gen.0.1.2;ğŸ‡¨ğŸ‡¿;-16.844744452928687;4.087825789036378
gen.0.1.2;ğŸ‡²ğŸ‡¬;-18.01828178883846;3.02107812555628
gen.0.1.2;ğŸ‡¬ğŸ‡ª;-15.869900102149224;4.117062155910175
gen.0.1.2;ğŸ‡§ğŸ‡¶;-17.961664669288453;5.333535700583892
gen.0.1.2;ğŸ‡®ğŸ‡²;-15.309395355627403;3.810246353753922
gen.0.1.2;ğŸ‡»ğŸ‡®;-17.60775464722357;4.728136042597392
gen.0.1.2;ğŸ‡²ğŸ‡­;-17.029168055891095;3.766656967815869
gen.0.1.2;ğŸ‡±ğŸ‡§;-16.74507892350768;3.24062225226084
gen.0.1.2;ğŸ‡°ğŸ‡¾;-16.868384459584103;4.552379521109949
gen.0.1.2;ğŸ‡ªğŸ‡¹;-18.9452151256852;4.365008775283071
gen.0.1.2;ğŸ‡ªğŸ‡­;-17.768818029114367;5.461348790251089
gen.0.1.2;ğŸ‡¦ğŸ‡¹;-15.856254323850585;2.9845292032442465
gen.0.1.2.0;ğŸ‡¹ğŸ‡©;-16.926775856027902;5.244846454934259
gen.0.1.2.0;ğŸ‡©ğŸ‡¯;-17.328270219310724;4.806155400259061
gen.0.1.2.0;ğŸ‡­ğŸ‡³;-17.08344494476457;5.133375259903281
gen.0.1.2.0;ğŸ‡«ğŸ‡°;-16.47239452216272;4.8905688304819375
gen.0.1.2.0;ğŸ‡±ğŸ‡»;-16.96926028990443;4.79838937561065
gen.0.1.2.0;ğŸ‡»ğŸ‡¦;-17.984996671110334;4.982766284716382
gen.0.1.2.0;ğŸ‡·ğŸ‡¸;-16.41144220432554;4.90532042757943
gen.0.1.3;ğŸ‡³ğŸ‡®;-19.91951957714912;5.9442417123015705
gen.0.2;ğŸ¥¡;-10.862594026876113;-7.246616456893576
gen.0.2;ğŸ¦ƒ;-10.111836010007748;-8.765823716351735
gen.0.2;ğŸ§€;-11.863602826851094;-8.139065693423198
gen.0.2;ğŸŒ®;-8.428805310578865;-9.528790010893033
gen.0.2;ğŸŒ½;-8.881253495743278;-12.084996811979195
gen.0.2;ğŸ¥‘;-8.34271396897853;-11.339177912284244
gen.0.2;ğŸ;-8.44201858566241;-13.379178337680981
gen.0.2;ğŸ¥“;-10.176134779896593;-13.018864238898948
gen.0.2;ğŸ³;-10.14591748812899;-13.016659994721934
gen.0.2;ğŸ¤;-14.470606203930908;-13.16441403660554
gen.0.2;ğŸ;-11.622368390160805;-13.678297264986776
gen.0.2;ğŸ¥–;-11.612402937888563;-13.631375504481381
gen.0.2;ğŸ¥;-11.677382937917065;-12.604386657972256
gen.0.2;ğŸ ;-9.326500781922554;-11.613522791324424
gen.0.2;ğŸ‘¸ğŸ¿;-13.209216378974732;-11.844329655053478
gen.0.2.0;ğŸ’;-7.546576686480375;-9.242883354063121
gen.0.2.0;ğŸ’;-7.559279284308235;-13.250002171552033
gen.0.2.0;ğŸŒ;-7.439477857693822;-9.514414846068629
gen.0.2.0;ğŸŠ;-7.093535599062705;-9.893468000861866
gen.0.2.0;ğŸŒ¶;-6.951477485087877;-11.548034626372766
gen.0.2.0;ğŸ‰;-7.060599526521945;-12.78945926504926
gen.0.2.0;ğŸ…;-7.482226900061081;-11.235087462353754
gen.0.2.0;ğŸ“;-7.49586715266547;-12.942910152529873
gen.0.2.0;ğŸ¥’;-7.068335499113215;-12.030387524667532
gen.0.2.0;ğŸ‡;-7.169536408465151;-13.097816473525059
gen.0.2.0.0;ğŸ;-7.773426020066426;-11.39575271935457
gen.0.2.0.0;ğŸˆ;-7.953391862491333;-11.528352803510597
gen.0.2.0.0;ğŸ;-7.948422795172251;-11.441930882779909
gen.0.2.1.0;ğŸ­;-14.427459333244338;-10.71815210460313
gen.0.2.1.0;ğŸ«;-13.772470355923208;-10.781529557114867
gen.0.2.1.0;ğŸ¬;-14.567830101596932;-10.715864343148576
gen.0.2.1.1;ğŸ˜‹;-9.870643329661613;-10.817530630113035
gen.0.2.1.1;ğŸ”;-11.252501371295796;-10.177916529151743
gen.0.2.1.1;ğŸ•;-11.15557999469221;-10.866236432964408
gen.0.2.1.1;ğŸŸ;-11.39128779971645;-10.52503501131357
gen.0.2.1.1;ğŸŒ­;-11.543828377176915;-10.217663722431094
gen.0.2.1.1;ğŸœ;-10.716222400515987;-11.062861482200132
gen.0.2.1.1;ğŸ£;-11.416090801220816;-11.41975069565178
gen.0.2.1.1;ğŸ;-11.320301505514912;-10.37879353101596
gen.0.2.1.1;ğŸ²;-10.330301895909797;-10.921310733238322
gen.0.2.1.1;ğŸš;-10.748826002063314;-11.43973019258487
gen.0.2.1.1;ğŸ±;-11.360793269276638;-11.048365393204117
gen.0.2.1.1;ğŸ›;-10.411772197554019;-10.420833120604302
gen.0.2.1.1;ğŸ™;-11.064514357983217;-11.694652421201864
gen.0.2.1.1;ğŸ¥;-11.656055608789035;-11.487811672973173
gen.0.2.1.2;ğŸŒ¯;-9.011064657282711;-9.695590653555314
gen.0.2.1.2;ğŸ—;-10.310376410114888;-10.139723886141045
gen.0.2.1.2;ğŸ–;-10.163753794049688;-10.080798285769912
gen.0.2.1.2;ğŸ¦;-12.801766193531567;-9.935825462358613
gen.0.2.1.2;ğŸ´;-10.412606266027412;-9.749559064109858
gen.0.2.1.2;ğŸ½;-10.274508626605627;-9.7913857649303
gen.0.2.1.2;ğŸ¥˜;-10.163199682476803;-10.037526146610098
gen.0.2.1.2;ğŸ¥—;-10.82174889504129;-9.501758245225624
gen.0.2.1.2;ğŸ¥™;-9.174406651446613;-9.743941725830648
gen.0.2.1.2;ğŸ¨;-12.879269194328524;-9.737712903334856
gen.0.2.1.2;ğŸ¡;-13.500655307746698;-10.06400436516918
gen.0.2.1.2;ğŸ¢;-11.925577564508584;-9.423900796076534
gen.0.2.1.3;ğŸª;-12.749995443231999;-11.025543303428854
gen.0.2.1.3;ğŸ©;-12.693143874595819;-10.9789275414774
gen.0.2.1.3;ğŸ®;-12.882216329331298;-10.912658612865922
gen.0.2.1.3;ğŸ˜;-12.785542668792377;-11.238924298656784
gen.0.2.2;ğŸ‘²;-8.344315819194259;-14.87330166594767
gen.0.2.2;ğŸ;-16.085995630045566;-14.263328662308306
gen.0.2.2;ğŸ›;-16.063087434172022;-14.26338708989748
gen.0.2.2;ğŸ¥„;-9.94256846772766;-14.820039543593023
gen.0.2.2;ğŸ‡»ğŸ‡ª;-12.838082564979501;-15.286963940563892
gen.0.2.2;ğŸŸ;-14.46840066338489;-15.182252877304446
gen.0.2.2;ğŸ‡¿ğŸ‡¼;-11.121007800720204;-16.239524695419487
gen.0.3;ğŸŒ¿;-7.3720111359774;5.674198868285563
gen.0.3;ğŸŒ¾;-6.731714086719607;5.676568846470931
gen.0.3;ğŸ”†;-8.218379695315777;8.801625477146256
gen.0.3;âº;-8.338531843344091;7.758849565974172
gen.0.3;ğŸ”¦;-6.827732913567989;8.750899303697784
gen.0.3;ğŸ;-7.811772061496491;16.227636869348405
gen.0.3;ğŸ“»;-6.309258278494507;9.947844116815846
gen.0.3;ğŸ“Ÿ;-6.402146547689583;8.679898417770906
gen.0.3;ğŸ‘¨â€ğŸ‘©â€ğŸ‘§â€ğŸ‘§;-8.021630870017624;14.696480435129095
gen.0.3;ğŸ’¿;-6.459351695499358;10.931987710404087
gen.0.3;ğŸ™;-6.906360697533864;-2.2191727570872612
gen.0.3.0;ğŸ¶;-6.923187518253428;11.657514760199408
gen.0.3.0;ğŸµ;-6.451620424938484;12.38438693383102
gen.0.3.0;ğŸ¼;-6.7416440663533175;12.32865439896134
gen.0.3.0;ğŸ¤;-6.552219903536046;11.356044379572186
gen.0.3.0;ğŸ¹;-6.692303491765239;12.598245484004265
gen.0.3.0;ğŸ™;-6.195826439532573;12.129852126682524
gen.0.3.0;ğŸ“€;-5.914672249109474;12.628073924206369
gen.0.3.0.0;ğŸ¸;-7.135752189037046;12.025377293649687
gen.0.3.0.0;ğŸº;-7.285662336218489;12.018745418830992
gen.0.3.0.0;ğŸ·;-7.259004472619603;12.132774335050648
gen.0.3.1;ğŸ‘–;-3.331368992456283;6.7142666582385075
gen.0.3.1;ğŸ‡«ğŸ‡¯;-3.946839499751421;5.747396865079736
gen.0.3.1.0;ğŸ¿;-3.328569366978033;9.045828824379708
gen.0.3.1.0;ğŸ¥;-3.27608056921389;9.033682929115466
gen.0.3.1.0;ğŸ¬;-3.1815648978574993;9.01443342765254
gen.0.3.1.0;ğŸ“½;-3.168456383532534;9.131571269114827
gen.0.3.1.0;ğŸ;-3.13717158141701;9.182224821106594
gen.0.3.1.1.0;ğŸ“±;-5.226951064561508;8.976195929981152
gen.0.3.1.1.0;ğŸ“º;-5.358176926658284;9.14480955601201
gen.0.3.1.1.0;ğŸ–¥;-5.273557073605031;9.188129496245345
gen.0.3.1.1.0;ğŸ’»;-5.273034416506797;9.089022252910064
gen.0.3.1.1.0.0;ğŸ“¼;-3.6272363356183135;9.01433727476364
gen.0.3.1.1.0.1;ğŸ”¤;-4.271909804161758;8.914813240319717
gen.0.3.1.1.1;ğŸ‘“;-4.8886208957979935;7.397246006425872
gen.0.3.1.1.1;ğŸ•¶;-4.482396676380512;7.189525880631314
gen.0.3.1.1.1;ğŸ‘•;-5.056141457058122;7.236832358323493
gen.0.3.1.1.1;ğŸ‘š;-4.934150125844299;6.984912772474394
gen.0.3.1.1.1;ğŸ“·;-4.070742300102574;7.57961726778253
gen.0.3.1.1.2;ğŸ€;-6.364118580749655;6.961490356093552
gen.0.3.1.1.2;ğŸ“œ;-5.684091087011807;5.94531119358437
gen.0.3.1.1.2;ğŸ”‹;-6.463402939146742;7.134887402711536
gen.0.3.1.1.2;â™»ï¸;-6.170860167051789;7.633279072541756
gen.0.3.1.1.2;âŒš;-5.93264591558796;8.74611651043508
gen.0.3.1.1.2;ğŸ“²;-5.716601995433606;8.270814440496684
gen.0.3.1.1.2;ğŸ§;-6.250291525352873;9.74055532970041
gen.0.3.1.1.2;ğŸ–Š;-6.0268056630889015;8.056583272986268
gen.0.3.1.1.2;ğŸ–²;-5.605661400558449;8.132638607742042
gen.0.3.1.1.2;ğŸ“¹;-6.1450322085697575;9.294125343842207
gen.0.3.1.1.3;ğŸ®;-5.139237993117349;10.17294726539945
gen.0.3.1.1.3;ğŸ•¹;-5.083328189680255;10.260959136464116
gen.0.3.1.2;â„ï¸;-3.2585816080533867;4.817139614826339
gen.0.3.1.2;â›„;-3.2869284727923715;4.793518310529151
gen.0.3.1.2;ğŸŒ¨;-3.0081299997674953;4.824872957963526
gen.0.3.1.2;â˜ƒ;-3.4023038494299627;4.754092959688559
gen.0.3.1.3;ğŸ€;-3.2182748037243485;3.2186410022172387
gen.0.3.1.3;ğŸ•;-4.55477626861762;4.995079429530939
gen.0.3.1.3;ğŸ”¯;-4.022848957592156;3.297899244157387
gen.0.3.1.3;ğŸ…ğŸ¿;-4.856091572002921;2.877820264002934
gen.0.3.1.3;ğŸ›€;-5.580996663587202;1.8119873010562992
gen.0.3.1.3;ğŸ;-4.739969726239538;1.1750756358509535
gen.0.3.1.3.0;ğŸ;-4.7886001050297455;3.684198666424087
gen.0.3.1.3.0;ğŸ„;-4.745496783708935;3.7311588489206655
gen.0.3.1.3.0;ğŸ…;-5.074607688825736;4.4232479496444475
gen.0.3.1.3.0;ğŸ…ğŸ»;-4.937744306571803;4.163220515455879
gen.0.3.1.3.0;ğŸ…ğŸ¼;-4.944147986081203;4.239253521734107
gen.0.3.1.3.0;ğŸ¤¶;-4.914335069180685;4.149198977902598
gen.0.3.1.3.0;ğŸ…ğŸ¾;-4.901837571077355;3.9545703010380646
gen.0.3.1.3.1;ğŸ¾;-4.30330230093094;1.773026487224989
gen.0.3.1.3.1;ğŸˆ;-4.520647311317769;2.145114581013243
gen.0.3.1.3.1;ğŸŠ;-4.443774751446538;2.136338781046501
gen.0.3.1.3.1;ğŸ®;-4.775260495814364;2.2232804734661364
gen.0.3.1.3.1;ğŸŒ;-4.61320363506839;2.0174040533663264
gen.0.3.1.3.1.0;ğŸ‰;-4.035738481786232;2.4098914262848354
gen.0.3.1.3.1.0;ğŸ›;-3.734091447437364;2.4282254795511564
gen.0.3.1.3.1.0;âœ‰ï¸;-3.9395170354335765;2.558993288965011
gen.0.3.1.3.2;ğŸ‹;-5.944998773746103;4.301388152477244
gen.0.3.1.3.2;ğŸ;-5.733974837480144;3.5167113975374757
gen.0.3.2;ğŸŒµ;-8.505916641860576;5.995563324519207
gen.0.3.2;ğŸŒ²;-8.598990063730534;5.440106827990194
gen.0.3.2;ğŸŒ±;-7.749692710985337;4.4972604438087265
gen.0.3.2;ğŸŒ³;-8.519598383810761;5.42135616679744
gen.0.3.2;ğŸ;-9.734495305207753;4.824667015009354
gen.0.3.2;ğŸƒ;-7.863408751213694;5.714398392005083
gen.0.3.2;ğŸ­;-8.674685554517835;5.372611520643579
gen.0.3.2;ğŸ‚;-9.667047400483751;4.9138537789944
gen.0.3.2;ğŸ‡±ğŸ‡¨;-10.556338393544657;6.014688297050905
gen.0.3.2;ğŸ”³;-9.576048642781656;7.103574767813969
gen.0.3.2;ğŸ‡§ğŸ‡¸;-9.486352419153729;2.784403544197672
gen.0.3.2;ğŸ‡¨ğŸ‡·;-8.414777398343707;1.6319214050814124
gen.0.3.2;ğŸ‡²ğŸ‡¨;-9.780886474628451;3.3482116367255896
gen.0.3.2;ğŸ›€ğŸ¼;-7.762186846803436;1.4487447303467753
gen.0.3.2.0;ğŸŒ´;-9.106645727050074;2.0185125551414806
gen.0.3.2.0;ğŸ–;-8.605303487875698;2.0512755444508652
gen.0.3.2.0;ğŸ;-8.894498601878809;2.385200847065802
gen.0.3.2.0;â›±;-8.588106930814853;2.353404625626328
gen.0.3.2.0;ğŸœ;-8.373235077839556;2.4073411801047704
gen.0.3.2.0;ğŸ‡²ğŸ‡»;-8.706812897373773;2.428818568864191
gen.0.3.2.0;ğŸ‡²ğŸ‡ª;-9.308502743523313;2.2130825468421196
gen.0.3.2.1;â˜•;-7.5519598819213405;3.9624528017921277
gen.0.3.2.1;âŒ›;-7.614819167615512;4.104565210815078
gen.0.3.2.1;â˜˜;-7.59992139257177;4.1382589321502925
gen.0.3.2.1;ğŸŒ»;-7.64454389634146;4.170267288685559
gen.0.3.3.0;ğŸ§;-5.744618605975666;1.260602985453978
gen.0.3.3.0;ğŸŒ;-5.742425445374547;0.5652830633750475
gen.0.3.3.0;ğŸ¤¹;-5.737466665970086;-0.09296662673780665
gen.0.3.3.1;ğŸ™ğŸ¼;-6.829283964715511;-0.3740180043592833
gen.0.3.3.1;ğŸ¶;-6.827845638299475;0.6573065658979017
gen.0.3.3.1;ğŸ›€ğŸ»;-6.835754037181422;1.5458393278355553
gen.0.3.3.2;ğŸ‡®ğŸ‡ª;-7.425355284450853;-0.7773949416920004
gen.0.3.3.3;ğŸ»;-6.160412231455936;0.38790998099582497
gen.0.3.3.3;ğŸº;-6.460078384541653;0.4089247365227763
gen.0.3.3.3;ğŸ¥ƒ;-6.292082324625888;0.26018640110198826
gen.0.3.3.3;ğŸ·;-6.715094773335227;0.47698586764994844
gen.0.3.3.3;ğŸ¸;-6.870320220534346;0.6459641848003457
gen.0.3.3.3;ğŸ¹;-6.966637321777523;0.7260773858269673
gen.0.3.3.3;ğŸµ;-7.519926180316768;0.25207243114445294
gen.0.3.3.3;ğŸš´ğŸ»;-7.176651094793311;0.8662879421441299
gen.0.3.3.4;ğŸ‡¹ğŸ‡¹;-5.9677811292385226;-0.6819276468746748
gen.0.4.0.0.0;ğŸ˜‰;-0.5095044684598723;-5.225243777045472
gen.0.4.0.0.0;ğŸ˜Š;-0.8823928952458201;-5.449819121481554
gen.0.4.0.0.0;ğŸ™‚;-0.4343097364810443;-5.315408586140598
gen.0.4.0.0.0;ğŸŒ·;-1.3569336539744845;-5.834262078375087
gen.0.4.0.0.0;ğŸ˜œ;0.178541337068152;-6.0809577038308325
gen.0.4.0.0.0;ğŸ˜;1.0344609299843865;-5.277277118441324
gen.0.4.0.0.0;ğŸ˜;0.19623522889138698;-6.168227622932011
gen.0.4.0.0.0;ğŸ™ƒ;0.6820027424069465;-5.818673808864761
gen.0.4.0.0.0;ğŸœ;0.6964763831114614;-5.826439431251459
gen.0.4.0.0.0;ğŸ’ğŸ¾;0.15771078122314114;-5.404996622485741
gen.0.4.0.0.0;ğŸ˜‡;-1.4851982621518487;-5.153851529314094
gen.0.4.0.0.0;ğŸ¯;-2.0370754597206133;-5.14045999410281
gen.0.4.0.0.0;ğŸ‘¼;-1.7360257627546394;-5.327255186227054
gen.0.4.0.0.0;ğŸ‡³ğŸ‡±;-0.8768229514767992;-5.128975987739058
gen.0.4.0.0.0.0;ğŸ˜†;-0.023709859194416438;-4.58940336442472
gen.0.4.0.0.0.0;ğŸ˜…;-0.04555152854485977;-4.615815150153498
gen.0.4.0.0.0.0;ğŸ˜„;-0.4751452715937294;-4.713527546679002
gen.0.4.0.0.0.0;ğŸ˜;-0.5172422392923983;-4.579676160387612
gen.0.4.0.0.0.0;ğŸ˜€;-0.7221899725573008;-4.762268153562508
gen.0.4.0.0.0.0;ğŸ˜ƒ;-0.5596305604292707;-4.702960756177001
gen.0.4.0.0.0.0;ğŸ‡´ğŸ‡²;-1.2774287649042237;-4.607686442984742
gen.0.4.0.0.0.1;ğŸ¤—;-0.9129221633817158;-6.141278104034237
gen.0.4.0.0.0.1;â˜ºï¸;-0.9270586343999673;-6.424423409652454
gen.0.4.0.0.0.1;ğŸ™‹ğŸ»;-0.853189842223664;-6.399151092001772
gen.0.4.0.0.1;ğŸ¼;-2.816961238462489;-4.385919344730384
gen.0.4.0.0.1;ğŸ©;-1.8785665156840021;-4.3449080238939
gen.0.4.0.0.1;ğŸ¨;-2.845624083835289;-4.408101276241163
gen.0.4.0.0.2.0;ğŸ‘;-1.0859691101117206;-2.1848437851772275
gen.0.4.0.0.2.0;ğŸ˜;-1.2873466536904161;-2.6796370383623005
gen.0.4.0.0.2.0;ğŸ‘Š;-1.0022802409973188;-2.3707398665401636
gen.0.4.0.0.2.0;âœŒï¸;-1.1323858295051297;-2.833342358409441
gen.0.4.0.0.2.0;ğŸ¤™;-1.5667998013258626;-2.572381851600964
gen.0.4.0.0.2.0;ğŸ¤˜;-0.8269032010595755;-2.3478579513185993
gen.0.4.0.0.2.0;âœŠ;-0.9356809577224363;-2.3813187379156946
gen.0.4.0.0.2.0;ğŸš¬;-1.8361395139769368;-2.810954451217142
gen.0.4.0.0.2.0;ğŸ––;-1.0777285608581957;-3.1562786731594237
gen.0.4.0.0.2.0;â˜®;-1.3443398950121517;-3.32179793415924
gen.0.4.0.0.2.0;ğŸ‡­ğŸ‡·;-1.9671738966108554;-2.1589340344547825
gen.0.4.0.0.2.0;ğŸ‡¾ğŸ‡ª;-1.0597885214259926;-3.0930265275635813
gen.0.4.0.0.2.1;ğŸ–•;0.8303325441493642;-3.471209316585189
gen.0.4.0.0.2.1;ğŸ™‡;0.1518922644587953;-3.5992732480215075
gen.0.4.0.0.2.1;ğŸ™;-0.15703232760485028;-3.177657218818686
gen.0.4.0.0.2.1;ğŸ¤;-0.29534061247359145;-3.0183674079867657
gen.0.4.0.0.2.1;âœ;-0.0029663191525354914;-3.2642178801403428
gen.0.4.0.0.2.2;ğŸ¤ ;-2.4648813844201674;-3.0900225646970174
gen.0.4.0.0.2.2;ğŸ¦†;-2.508884002583322;-3.382691180131244
gen.0.4.0.0.3;ğŸ¤£;1.2870626345762646;-4.269146365663066
gen.0.4.0.0.3;ğŸš¶ğŸ¿;1.2240177100807552;-4.087825955039155
gen.0.4.0.0.3;ğŸ˜‚;1.3604761549978956;-4.317645236886566
gen.0.4.0.0.3;ğŸ;1.1436527778041228;-4.869449502267802
gen.0.4.0.0.3;ğŸ‘¦ğŸ¼;1.3807818733922734;-5.041193633831128
gen.0.4.0.1;ğŸ’š;-3.1933406425963735;-8.096527226627826
gen.0.4.0.1;ğŸ’™;-3.2219141168779637;-8.474576927932635
gen.0.4.0.1;ğŸ¦„;-3.4068653114345615;-1.6218585724007368
gen.0.4.0.1;ğŸŒˆ;-3.462114929133509;-1.628174170721082
gen.0.4.0.1;ğŸ¦‹;-3.3618622907674096;-1.8092213526485188
gen.0.4.0.1;ğŸ¿;-3.0788866525591527;-3.5345565090655624
gen.0.4.0.1;ğŸ¦;-3.4625367436091703;-2.9657361992196996
gen.0.4.0.1;ğŸ¦Š;-3.3298922074490176;-5.047463080957004
gen.0.4.0.1.0;ğŸŒ¹;-3.1074356482729457;-6.64749705112163
gen.0.4.0.1.0;ğŸ’;-3.0418935229396586;-6.536347299768622
gen.0.4.0.1.0;ğŸ¥€;-3.013764818018469;-6.520060867251431
gen.0.4.0.1.0;ğŸ‡ğŸ½;-3.2712661437791595;-6.517156414360416
gen.0.4.0.2;ğŸ™€;2.5520707551894786;-8.70630145867503
gen.0.4.0.2;ğŸ˜»;1.2470907828814255;-9.176001049635474
gen.0.4.0.2;ğŸ‘¯;0.6971696983883436;-10.830872244357238
gen.0.4.0.2;ğŸ’;-0.41347402645963016;-9.541190929419953
gen.0.4.0.2;ğŸ‘§;1.1500806246851603;-7.8279428667314646
gen.0.4.0.2;ğŸ‘°;0.20921568529078927;-9.151369008196227
gen.0.4.0.2;ğŸ’’;2.621212854794885;-10.954795638263478
gen.0.4.0.2;ğŸ‘¼ğŸ»;2.9727792289676898;-10.535613345864242
gen.0.4.0.2;ğŸ¤µ;-0.06668277031662818;-8.727433012635926
gen.0.4.0.2;ğŸ’‡ğŸ»;0.4064134720949783;-10.346521525136986
gen.0.4.0.2;ğŸ™…ğŸ¾;-0.32373942315650145;-8.059762290244068
gen.0.4.0.2;ğŸ™ğŸ»;0.6526147064761318;-8.39534080865598
gen.0.4.0.2;ğŸ’–;-3.374243265645588;-9.706325864439572
gen.0.4.0.2;ğŸ‘ª;-2.4642047833565206;-10.195200324794591
gen.0.4.0.2;ğŸ‘°ğŸ»;-0.6276277904789808;-9.56668637922025
gen.0.4.0.2;ğŸ’ğŸ¼;-0.15563180656657777;-7.116039010870153
gen.0.4.0.2;ğŸ‘¨â€â¤ï¸â€ğŸ‘¨;-0.5692232754462683;-7.644780375440363
gen.0.4.0.2;ğŸ’ğŸ¿;-1.1558837053393018;-7.814360805906568
gen.0.4.0.2;ğŸ˜›;0.0965264492697087;-6.422882984823044
gen.0.4.0.2.0;ğŸ’‹;-0.6392876292094881;-10.34979777163546
gen.0.4.0.2.0;ğŸ‘„;-2.115141812155468;-11.271413786595502
gen.0.4.0.2.0;ğŸ‘™;-1.4022265393256226;-11.735202924060697
gen.0.4.0.2.0;ğŸ’„;-1.3619149641125565;-10.985218377785309
gen.0.4.0.2.0;ğŸ’…;-1.4275086763565858;-11.007129755858454
gen.0.4.0.2.0;ğŸ’…ğŸ»;-1.039943117211132;-10.430036892698974
gen.0.4.0.2.0;ğŸ‘¨â€â¤ï¸â€ğŸ’‹â€ğŸ‘¨;-0.6979176209666434;-10.454264580512818
gen.0.4.0.2.0;ğŸ‘¨â€ğŸ‘¨â€ğŸ‘§;-1.2961573439903589;-10.380413145079233
gen.0.4.0.2.0;ğŸ’…ğŸ¿;-2.144537254898793;-10.757513450297724
gen.0.4.0.2.1.0;ğŸ‘±ğŸ»;-3.8835773229188577;-8.142368779566153
gen.0.4.0.2.1.1;ğŸ’Ÿ;-2.8845740924856367;-9.150248542668578
gen.0.4.0.2.1.2;ğŸ’•;-2.120081400470348;-8.735927111503262
gen.0.4.0.2.1.2;ğŸ’—;-2.1571940195868886;-8.610108703243716
gen.0.4.0.2.1.2;ğŸ’“;-2.2445219230232856;-8.89468030841584
gen.0.4.0.2.1.2;ğŸ’;-2.1383684533492344;-9.0762699751857
gen.0.4.0.2.1.3;ğŸ‘¼ğŸ¼;-2.249807507493051;-9.641115553965749
gen.0.4.0.2.1.3;ğŸ‘µğŸ½;-1.6200147895633021;-9.637837017084413
gen.0.4.0.2.1.4;ğŸ˜;-1.5518148364264392;-8.32515176696338
gen.0.4.0.2.1.4;â¤ï¸;-1.8022543181448447;-8.980933631619529
gen.0.4.0.2.1.4;ğŸ˜˜;-1.3110837652539746;-9.066940713534468
gen.0.4.0.2.1.4;ğŸ–¤;-0.796534737651916;-8.169380006026097
gen.0.4.0.2.1.4;ğŸ’;-1.5796657865202626;-8.485020343601617
gen.0.4.0.2.1.4;ğŸ’;-1.2461321930614082;-8.681209490476922
gen.0.4.0.2.1.4;ğŸ’‘;-1.8125368495819525;-8.088154975832405
gen.0.4.0.2.1.4;ğŸ‘©ğŸ¼;-0.8592305257062859;-8.789017546786253
gen.0.4.0.2.1.4;ğŸ‘§ğŸ»;-1.3967953324800129;-9.401936605662417
gen.0.4.0.2.1.5;ğŸ’œ;-2.788777997560854;-8.572552430529786
gen.0.4.0.2.1.5;ğŸ’˜;-2.046799793563389;-8.573409816104402
gen.0.4.0.2.1.5;ğŸ’›;-3.0554239807943673;-8.541049024112128
gen.0.4.0.2.2;ğŸ•º;1.163666358445706;-11.316417498867242
gen.0.4.0.2.2;ğŸ’ƒ;0.5127564133290685;-11.324221890560196
gen.0.4.0.2.2;ğŸ’ƒğŸ»;0.7176096091776272;-11.790316403601231
gen.0.4.0.2.2;ğŸ’ƒğŸ¼;0.8696365087223926;-11.450423610392166
gen.0.4.0.2.2;ğŸ’ƒğŸ¿;1.349183563544515;-11.322930848169529
gen.0.4.0.2.2;ğŸ’ƒğŸ¾;0.5170951677250324;-11.360284756725568
gen.0.4.0.2.2;ğŸ‘©;-0.37530103244494484;-11.318218280964071
gen.0.4.0.2.2;ğŸ‘±;-0.3845643342100938;-11.57639350256597
gen.0.4.0.2.3;ğŸ˜¹;2.203425364513716;-9.116236948899068
gen.0.4.0.2.3;ğŸ˜º;2.243847918090153;-9.145651050938302
gen.0.4.0.2.3;ğŸ˜¸;2.241324015904727;-9.00451310158207
gen.0.4.0.2.3;ğŸ˜¼;2.1546336412207174;-9.103890857816888
gen.0.4.0.2.3;ğŸ˜¾;2.5521608791496955;-9.251032718542815
gen.0.4.0.2.3;ğŸ˜½;1.742028079246806;-9.230691699576205
gen.0.4.0.2.4;ğŸ˜š;-1.592142561162055;-7.198711043087739
gen.0.4.0.2.4;ğŸ˜™;-1.5291424488895984;-7.22033892804556
gen.0.4.0.2.4;ğŸ˜—;-1.534220196966151;-7.084090252379953
gen.0.4.0.2.4;â£;-1.9281920643694004;-7.219826294637141
gen.0.4.0.2.5;ğŸ™†ğŸ¼;1.9438978454889704;-6.2451589037107595
gen.0.4.0.2.5;ğŸ˜Œ;1.492172114019746;-6.758788596070428
gen.0.4.0.2.5;ğŸ’¬;1.6644468014865026;-6.6698126058988905
gen.0.4.0.2.5;ğŸ™†ğŸ»;1.0388910784680017;-6.922032527115923
gen.0.4.0.2.5;ğŸ™‹;2.3845290326672104;-7.370252908434468
gen.0.4.0.2.5;ğŸ’;2.299361630693515;-7.438255584950728
gen.0.4.0.2.5;ğŸ™†;2.243541561485954;-7.548259561140663
gen.0.4.0.2.5;ğŸ‘©â€â¤ï¸â€ğŸ’‹â€ğŸ‘©;1.2973410047431004;-7.185758356020026
gen.0.4.1.0;ğŸ‘¶;-0.1492605437318651;-15.82536184691925
gen.0.4.1.0;ğŸ¼;-0.7810289586309329;-15.838736479716214
gen.0.4.1.0;ğŸ‘¶ğŸ»;-0.5165371739224016;-15.829782612671735
gen.0.4.1.0;ğŸ‘¶ğŸ½;-0.7320718957251793;-15.695168352861023
gen.0.4.1.0;ğŸ‘¶ğŸ¿;-0.010279703496842924;-15.726644092254867
gen.0.4.1.0;ğŸ‘¶ğŸ¾;-0.43853986026932756;-15.985755327043078
gen.0.4.1.1;ğŸ’ƒğŸ½;0.7843843861812251;-12.327964870662585
gen.0.4.1.1;ğŸ––ğŸ½;1.213403122553873;-14.384133194181507
gen.0.4.1.1;ğŸ’ğŸ½;1.0067836264778487;-13.387323822032462
gen.0.4.1.1.0;ğŸ‘;-0.9055172733195573;-13.442920546180888
gen.0.4.1.1.0;ğŸ‘Ÿ;-0.8794555528508412;-13.597802301210745
gen.0.4.1.1.0;ğŸ‘ ;-1.1663786429470913;-12.944317259095225
gen.0.4.1.1.0;ğŸ‘¢;-1.075225485206762;-12.979169530143935
gen.0.4.1.1.0;ğŸ‘—;-1.3630933533939449;-12.276780726609259
gen.0.4.1.1.0;ğŸ‘¡;-1.3148091098795816;-13.003474117438309
gen.0.4.1.1.1;ğŸ‘¦ğŸ»;2.3639845272075872;-12.797465873850976
gen.0.4.1.2;ğŸ‘…;-3.2766595034003294;-12.136701377475704
gen.0.4.1.2;â¬›;-3.669637557870962;-9.94872143288325
gen.0.4.1.2;ğŸ¥•;-4.572527671058043;-12.693477281036989
gen.0.4.1.2;ğŸŒ‚;-4.0490268284760855;-11.04284377645944
gen.0.4.1.2;ğŸ”°;-5.059274422455978;-9.862978492277517
gen.0.4.1.2;ğŸ¦‚;-4.9175683737661355;-13.991019843297552
gen.0.4.1.2;ğŸ‘©ğŸ»;-3.1207666087573886;-10.590346888441783
gen.0.4.1.2;ğŸ‘¨â€ğŸ‘¨â€ğŸ‘¦â€ğŸ‘¦;-3.259207283394454;-13.784266856348177
gen.0.4.1.2;ğŸ‘´ğŸ½;-3.0616506244070343;-11.768666712396193
gen.0.4.1.2;ğŸ‘©â€â¤ï¸â€ğŸ‘©;-4.189203566281387;-9.246026043202175
gen.0.4.1.2;ğŸ‘¨ğŸ½;-3.2046151118099035;-12.34816501785498
gen.0.4.1.2;ğŸ’§;-5.292803251593309;-12.174345554219915
gen.0.4.1.2;ğŸ’¦;-5.648745025773945;-12.165925648929296
gen.0.4.1.2;ğŸ¤¤;-5.482865921699136;-10.808908102763093
gen.0.4.1.2;ğŸ‹;-6.339824306059323;-10.600994093128653
gen.0.4.1.2.0;ğŸ’†ğŸ»;-6.0855698691918425;-12.741682858056386
gen.0.4.1.2.0;ğŸ†;-6.417493235299236;-12.188583606837044
gen.0.4.1.2.0;ğŸ‘;-6.3248784892265055;-12.14250991698123
gen.0.4.1.2.0;ğŸ…ğŸ½;-6.064696169330326;-11.823408583533107
gen.0.4.1.2.0;ğŸŒ°;-6.33796349514253;-12.528217252789673
gen.0.4.1.3;ğŸ‘¨â€ğŸ‘¨â€ğŸ‘§â€ğŸ‘¦;-3.525430862122791;-15.228715740721283
gen.0.4.1.3;ğŸ‘©â€ğŸ‘©â€ğŸ‘§â€ğŸ‘¦;-3.412957102369729;-15.009797338861933
gen.0.4.1.3;ğŸ‘©â€ğŸ‘©â€ğŸ‘§;-3.41023096451092;-15.14054102177733
gen.0.4.1.3;ğŸ‘©â€ğŸ‘©â€ğŸ‘¦â€ğŸ‘¦;-3.377427767552571;-14.957804678977471
gen.0.4.1.3;ğŸ‘©â€ğŸ‘©â€ğŸ‘§â€ğŸ‘§;-3.4074363895714685;-15.04093690473857
gen.0.4.1.4;ğŸ’;-3.119787258859695;-17.50922175557802
gen.0.4.1.4;ğŸ‘¨â€ğŸ‘©â€ğŸ‘§â€ğŸ‘¦;-2.7935655890348303;-19.32939738325333
gen.0.4.1.4;ğŸ‘¨â€ğŸ‘©â€ğŸ‘¦â€ğŸ‘¦;-2.9295311552356154;-19.65289178188385
gen.0.4.1.4;ğŸš´ğŸ¼;-4.153657367955732;-21.213151678442056
gen.0.4.1.4;ğŸ‘©â€ğŸ‘©â€ğŸ‘¦;-2.6353529636229767;-14.563388410024318
gen.0.4.1.4;ğŸŠğŸ¿;-5.638572777148398;-15.115892291726569
gen.0.4.1.4;ğŸ†’;-6.99047674611005;-19.718718220601072
gen.0.4.1.4;ğŸ‘”;-7.2503878938964155;-17.593410670252325
gen.0.4.1.4;ğŸ¤°;-6.787517032154306;-15.466870427574753
gen.0.4.1.4;ğŸ¤¾;-8.329140546330551;-16.586422810302267
gen.0.4.1.4.0;ğŸ‘œ;-4.8271534214598795;-17.284499876308544
gen.0.4.1.4.0;ğŸ¥”;-4.988313412600348;-17.21306380750988
gen.0.4.1.4.0;ğŸ‘›;-4.749529938010673;-17.338431849781895
gen.0.4.1.4.0;ğŸ‘;-4.773532903584037;-17.521652949676945
gen.0.4.1.5;ğŸ¦‡;1.9285959626798679;-15.637053034601553
gen.0.4.1.5;ğŸš¼;-1.246322169735214;-16.22923636011502
gen.0.4.1.5;ğŸ„ğŸ¿;1.8925618497996337;-17.3750420832288
gen.0.4.1.5;ğŸš°;1.2148522192614113;-20.859541627233092
gen.0.4.1.5;ğŸ‘µğŸ¼;-0.1165998129523805;-17.889504478413265
gen.0.4.1.5;ğŸ‘ƒğŸ¾;2.7146367013140216;-19.20983457177367
gen.0.4.1.5.0;ğŸ‘´;-0.41630015616199734;-18.464351481452393
gen.0.4.1.5.0;ğŸš¿;-0.45406091158919054;-18.60910016127094
gen.0.4.1.5.0;ğŸ‘µ;-0.4333257552447891;-18.384980487134566
gen.0.4.1.5.0;ğŸ›;-0.524750232928679;-19.311856185081403
gen.0.4.2.0;ğŸ;-4.001233359918284;-3.0937698573038506
gen.0.4.2.0;ğŸ;-5.738297542198753;-2.4456162267895682
gen.0.4.2.0;ğŸ˜;-3.984169864765374;-3.2503128934672425
gen.0.4.2.0;ğŸ«;-4.321428960842121;-2.6216859131722883
gen.0.4.2.0;ğŸŠ;-6.067529677302312;-3.134702453157168
gen.0.4.2.0;ğŸª;-4.454926259818862;-2.656621486134524
gen.0.4.2.0;ğŸ‘˜;-5.339973425430232;-3.423796507391789
gen.0.4.2.1;ğŸŒ¸;-3.847477852036015;-6.654536675766995
gen.0.4.2.1;ğŸŒº;-3.8709335367778173;-6.66970149084439
gen.0.4.2.1;ğŸŒ¼;-3.848999167634536;-6.718960874034914
gen.0.4.2.2;ğŸ£;-7.775113778600672;-4.607992913288632
gen.0.4.2.2;ğŸ¥;-7.887521546449729;-4.621645791018044
gen.0.4.2.2;ğŸ°;-6.7752165502547985;-4.623099160530245
gen.0.4.2.2;ğŸ‡;-6.693498047340271;-4.58160293787069
gen.0.4.2.3;ğŸ¶;-5.0485477421685125;-5.342977076274281
gen.0.4.2.3;ğŸ¢;-5.906278334253295;-3.9847208026006613
gen.0.4.2.3;ğŸ±;-3.9583583008099787;-4.963097644126163
gen.0.4.2.3;ğŸ•;-5.126394197212147;-5.292532342766494
gen.0.4.2.3;ğŸˆ;-3.937323336281814;-4.961043480354468
gen.0.4.2.3;ğŸ€;-4.648654418907794;-4.302522195866315
gen.0.4.2.3;ğŸŒ;-5.886807269346808;-4.0733197694312375
gen.0.4.2.3;ğŸ©;-5.075846943825487;-5.449379036358047
gen.0.4.2.3;ğŸ;-4.707111839811775;-4.2637977979113595
gen.0.4.2.3;ğŸ¹;-5.259173237481286;-5.227271794680317
gen.0.4.2.3;ğŸ”;-5.996912086454873;-4.991518313280817
gen.0.4.2.3;ğŸ;-5.269440988608093;-4.8913093740954405
gen.0.4.2.4;ğŸ‘¨ğŸ¿;-7.856528096651962;-7.917152816210554
gen.0.4.2.4;ğŸµ;-7.731864673559272;-8.3401195832103
gen.0.4.2.4;ğŸ‡¸ğŸ‡¬;-8.242018254489379;-6.660304103577422
gen.0.4.2.4;ğŸ‘§ğŸ¼;-5.184018689579464;-7.5745911185582555
gen.0.4.2.4;ğŸ‘§ğŸ½;-5.1784312727611885;-7.598724239617135
gen.0.4.2.4;ğŸ‘§ğŸ¿;-5.16428142820912;-7.5731656359628206
gen.0.4.2.4;ğŸ‡¨ğŸ‡­;-9.069069979156088;-6.879121440134227
gen.0.4.2.4;ğŸº;-6.075249311679229;-6.166865724379681
gen.0.4.2.4;ğŸ‡³ğŸ‡¬;-7.765099264911872;-5.487353419418645
gen.0.4.2.4.0;ğŸ;-6.962817654495812;-8.370066002159664
gen.0.4.2.4.0;ğŸ¤›;-5.7143657911929;-8.781343907922384
gen.0.4.2.4.0;ğŸ¤œ;-5.701307317058372;-8.762222982518596
gen.0.4.2.4.0;ğŸ‘;-7.108495666654924;-8.590473945302662
gen.0.4.2.4.1;ğŸ·;-6.839803088863983;-6.587390009518035
gen.0.4.2.4.1;ğŸ–;-6.78204896680785;-6.7022882636479
gen.0.4.2.4.1;ğŸ½;-6.816118258238672;-6.691047952565331
gen.0.4.2.4.1;ğŸ—;-6.708683252160854;-6.565489224217233
gen.0.4.2.4.1;ğŸ•‘;-7.13202827010512;-6.71373954099354
gen.0.5;âœï¸;8.390876340925283;10.159632640076326
gen.0.5;ğŸŒ‹;5.583208597185843;5.534180430111938
gen.0.5;ğŸ”¹;6.162790043598587;9.436414197578058
gen.0.5;ğŸ·;10.52601734444113;10.04168087346422
gen.0.5.0.0;ğŸŒª;5.238015537943635;2.8577868517124974
gen.0.5.0.0;ğŸŒ©;4.975017278896188;2.769744011065421
gen.0.5.0.0;ğŸŒ¦;4.844546893999174;1.9864980157261745
gen.0.5.0.0;â˜‚;5.297555686086687;1.7839515928208467
gen.0.5.0.0.0;â˜”;5.154105458265855;1.9640765938359652
gen.0.5.0.0.0;ğŸŒ§;5.123527676999895;1.936842678350853
gen.0.5.0.0.0;â›ˆ;5.171217627389318;2.107058715392179
gen.0.5.0.1.0;ğŸ’‰;0.9328425076493415;3.6710999469728094
gen.0.5.0.1.0;ğŸ’ˆ;0.697012389974529;4.09380851739686
gen.0.5.0.1.0;ğŸ’Š;1.0070305119500278;3.549732476173009
gen.0.5.0.1.0;ğŸ”¬;1.1180416737329633;3.394261338621989
gen.0.5.0.1.0;âœ‚ï¸;1.2946777910390883;3.2429375429315135
gen.0.5.0.1.0;â›‘;0.6113696518090286;3.653895551770459
gen.0.5.0.1.1;ğŸ¹;3.3249757924234964;3.809270582196501
gen.0.5.0.1.2;ğŸ”‘;-0.7414293301166234;3.7546002534546576
gen.0.5.0.1.2;ğŸ—;-0.8224329012429457;3.7233261821271837
gen.0.5.0.1.2;ğŸ‘µğŸ¾;-0.8102561770201673;3.7343008580704464
gen.0.5.0.1.3;ğŸ”¨;3.00937984536414;3.255117049254126
gen.0.5.0.1.3;ğŸ”©;3.1183049781334953;3.0177496338526764
gen.0.5.0.1.3;ğŸ”§;3.159001485207356;2.916798231904778
gen.0.5.0.1.3;ğŸ› ;3.0564301425836864;3.2982229810200687
gen.0.5.0.1.3;âš™;2.3618859492896025;3.1240929676370666
gen.0.5.0.1.3;â›;2.669975156471695;3.3555395840407263
gen.0.5.0.1.3;âš’;2.720112215185703;3.410842901451084
gen.0.5.0.1.4;ğŸ›€ğŸ¿;1.596174546803067;3.9029821762657235
gen.0.5.0.2;ğŸ¨;13.255271026653265;3.311893039354892
gen.0.5.0.2;â›½;16.55909622004392;4.796899592376755
gen.0.5.0.2.0;ğŸ…±ï¸;16.838185131206085;2.7693544253454645
gen.0.5.0.2.0;ğŸ…°ï¸;16.852315507038018;2.7960731184324166
gen.0.5.0.2.1;ğŸ¤;14.854691946496038;4.183143004170571
gen.0.5.0.2.1;ğŸ£;14.98183654348037;4.340787681682417
gen.0.5.0.2.1.0;ğŸ¡;14.401440033923055;3.781666829851056
gen.0.5.0.2.1.0;ğŸ ;14.517934722045766;3.825367416420293
gen.0.5.0.2.1.0;ğŸ˜;14.449922644835551;3.801753939731194
gen.0.5.0.2.1.1;ğŸš;14.44676751273046;3.2247398505207316
gen.0.5.0.3.0;ğŸ—¡;3.520269786185005;2.3994808882521426
gen.0.5.0.3.0;ğŸŒ«;5.999122457388136;2.426927604197316
gen.0.5.0.3.0;ğŸ’¾;1.5002782043119958;2.5024901611555
gen.0.5.0.3.1;ğŸ“¦;9.90077071369573;2.7640949540079505
gen.0.5.0.3.1;ğŸ”š;12.205316451219076;3.9276863369334003
gen.0.5.0.3.1;ğŸ–¼;12.166170363103364;2.886501339880435
gen.0.5.0.3.1;ğŸ€„;11.048654960639958;4.026643740395682
gen.0.5.0.3.1;ğŸ‡¯ğŸ‡´;10.192362609029793;3.651601212584666
gen.0.5.0.3.1;ğŸ‘³ğŸ¿;11.124160404894168;3.1334814198252574
gen.0.5.0.3.1;ğŸš¨;10.108108737773897;1.6762543298671748
gen.0.5.0.3.1;ğŸš§;10.31763285524852;1.7010984465372103
gen.0.5.0.3.1;ğŸ‘²ğŸ»;9.975389457926507;2.0064906527273494
gen.0.5.0.3.1.0;ğŸš¢;8.637301726602406;3.8811896378695243
gen.0.5.0.3.1.0;ğŸ›³;8.468927622323537;3.791283485510667
gen.0.5.0.3.1.0;âš“;8.342233672204648;3.5273777173905314
gen.0.5.0.3.1.0;ğŸš£;8.388212359244335;2.93665485416832
gen.0.5.0.3.1.0;â›´;8.537864505416236;3.902974353823971
gen.0.5.0.3.1.0;ğŸš£ğŸ¼;8.539855320717363;3.1237630319780245
gen.0.5.0.3.1.0;ğŸŠğŸ½;8.263298267612939;3.482651123531832
gen.0.5.0.3.1.0;ğŸŠ;8.548403825100495;2.54286905405691
gen.0.5.0.3.1.1;ğŸšš;7.608834296238399;2.020486855809772
gen.0.5.0.3.1.1;ğŸš›;7.5795685405436055;2.0323827952605056
gen.0.5.0.3.2;ğŸ’¨;6.152456467271721;2.9576541119510225
gen.0.5.0.3.2;ğŸŒ¬;5.522589527569949;3.044063066921352
gen.0.5.0.3.2;ğŸš¶ğŸ¼;6.539691828442289;3.0004022612733987
gen.0.5.0.3.2;ğŸŒ;5.875303781962145;2.9288109606061217
gen.0.5.0.3.3.0;ğŸ—½;5.0374730589860715;5.111833692435743
gen.0.5.0.3.3.0;ğŸ—»;5.765789679096326;5.217485804678451
gen.0.5.0.3.3.0;â›²;5.727654030721877;5.237394022455355
gen.0.5.0.3.3.1;ğŸ¢;6.516038039219657;4.604467088327619
gen.0.5.0.3.3.1;ğŸ­;6.595064743382289;4.418234894454964
gen.0.5.0.3.3.1;ğŸª;6.566515903843314;4.127581509081169
gen.0.5.0.3.3.1;ğŸ¡;6.703493022376707;4.556968505722578
gen.0.5.0.3.3.1;ğŸ ;6.638797202076959;4.5198875306039685
gen.0.5.0.3.3.2;ğŸ”¥;4.886629359769414;4.105540769080471
gen.0.5.0.3.3.2;ğŸ’¥;4.367823243775402;4.270060294174239
gen.0.5.0.3.3.2;ğŸ’£;4.058008504477858;4.325464748514016
gen.0.5.0.3.3.2;âš¡;4.82147281252472;3.766162154439222
gen.0.5.0.3.3.2;ğŸ¤º;4.199599487294012;3.976007064663135
gen.0.5.0.3.3.2;ğŸ’¢;4.372047132057752;4.384006813605176
gen.0.5.0.3.3.2;âš—;4.899712646280494;3.6389899964548436
gen.0.5.0.3.4;ğŸ›¥;8.979917514611305;4.722117628434016
gen.0.5.0.3.4;â›º;12.5233098790856;4.850257237669042
gen.0.5.0.3.4;ğŸš’;10.50397962477919;4.9300487658178795
gen.0.5.0.3.4;ğŸš¤;8.687801226403543;4.989150308271379
gen.0.5.0.3.4;â›©;11.164477423219665;5.101756972288253
gen.0.5.0.3.4;ğŸ‘©ğŸ½;9.36022031691679;4.681729950010481
gen.0.5.0.3.4;ğŸš ;7.831202863602083;4.6662262533801036
gen.0.5.0.3.4;ğŸ‘©ğŸ¾;9.532439988713946;4.662461619100001
gen.0.5.1;ğŸ‘·ğŸ»;13.972649608256898;10.975240929748685
gen.0.5.1;ğŸšƒ;14.924821431701057;9.83971632494997
gen.0.5.1;ğŸš‹;15.083384299669998;9.791540043388936
gen.0.5.1;ğŸš;14.277793903991821;9.09617912458697
gen.0.5.1;ğŸ«;12.578315555843496;10.009693269730215
gen.0.5.1;ğŸ›¤;13.09447063160871;10.36481235653594
gen.0.5.1;ğŸš‚;13.986776317518743;8.950908372716256
gen.0.5.1;ğŸš‰;13.409236916432132;9.087898159742878
gen.0.5.1;ğŸš;12.9358681012722;9.161267398754426
gen.0.5.1.0;ğŸš„;13.797098699303774;9.591327814146943
gen.0.5.1.0;ğŸš…;13.830831339422923;9.440074586459291
gen.0.5.1.0;ğŸšŠ;13.748497309482755;9.21662674122908
gen.0.5.1.0;ğŸš†;13.740839024312317;9.584986992166161
gen.0.5.1.0;ğŸšˆ;13.760849754912769;9.834207666585517
gen.0.5.2;â–ªï¸;17.55323484535132;6.4163052007839
gen.0.5.2.0;â—¼ï¸;17.698464936823243;7.971919778737613
gen.0.5.2.1;â—½;18.212937578557845;6.8404746783574835
gen.0.5.2.1;â–«ï¸;18.12928153489069;6.621222035900417
gen.0.5.2.1;â—»ï¸;18.12510222205374;6.688211769247352
gen.0.5.3;ğŸŒ;3.3768800226437166;8.809996690844187
gen.0.5.3;ğŸ”;5.035334784421034;8.932051187985463
gen.0.5.3;ğŸ“‚;1.538390456369025;8.388422470932278
gen.0.5.3;ğŸ’¡;1.410059094910435;8.678866755360227
gen.0.5.3;ğŸ’º;-1.5785340286296545;8.648616282193759
gen.0.5.3;ğŸ“;0.221624199793331;8.934912200455546
gen.0.5.3;ğŸŒ;-1.5910562971105022;8.664521712546895
gen.0.5.3;ğŸ—œ;-0.6304699835409673;8.068944452198327
gen.0.5.3;ğŸ”Œ;1.6709311103483886;9.118453746834447
gen.0.5.3;ğŸ“‹;0.35950657667273844;9.008674345182532
gen.0.5.3;ğŸ–Œ;0.23650668978325737;8.554167188679314
gen.0.5.3;ğŸ’½;-0.16646858550889815;8.830214884503576
gen.0.5.3.0;ğŸŒ…;3.2266081867300573;8.302647004735977
gen.0.5.3.0;â›…;3.642784922884696;8.253053893935455
gen.0.5.3.0;ğŸŒ¤;3.447274607354031;8.477754576274677
gen.0.5.3.0;ğŸŒ¥;3.824641800587454;8.529637106049426
gen.0.5.3.0;ğŸŒ‡;3.0569463780490445;8.365082918700926
gen.0.5.4;ğŸ—¼;6.540134288621848;5.923421785670819
gen.0.5.4;ğŸ›°;7.079178850994866;6.5254505028648415
gen.0.5.4;âœ;5.016028865859261;6.049074817691637
gen.0.5.4;ğŸ›´;9.961586842153455;7.1840486841240265
gen.0.5.4;ğŸš‡;13.829800973116896;7.79960192161652
gen.0.5.4;ğŸš¡;9.01619025267581;6.615185380930726
gen.0.5.4;ğŸ›£;9.988947009329667;6.008446377506286
gen.0.5.4;ğŸ•‰;15.809180359219;7.729570431905655
gen.0.5.4;ğŸ«;13.348013896913876;6.000675661483975
gen.0.5.4;âœ’ï¸;14.741502505927379;6.405366171893463
gen.0.5.4;â˜€ï¸;3.4839051758976565;7.838976514242498
gen.0.5.4;ğŸ†;1.3042585888877396;7.472810322199525
gen.0.5.4;ğŸ‡;1.2803150763171625;7.479828400325844
gen.0.5.4;ğŸ;2.7391465459824693;7.677976481437157
gen.0.5.4;ğŸ;10.090957657444305;7.379693051965799
gen.0.5.4;ğŸšŒ;11.81885669277276;8.060984846879023
gen.0.5.4;ğŸ;10.123776901209085;7.564924884944585
gen.0.5.4;ğŸš¦;9.644645538769526;7.593040424514393
gen.0.5.4;ğŸšœ;9.873374699285646;8.681986487134948
gen.0.5.4;ğŸš¥;8.699443317715032;8.34158605971717
gen.0.5.4;ğŸ‡¸ğŸ‡¾;7.90648357106116;7.064677100932959
gen.0.5.4;ğŸš;11.870393750122453;8.00872708231393
gen.0.5.4;ğŸš;10.999335132099917;7.778710343909567
gen.0.5.4.0;âœˆï¸;8.15590869579876;6.31615917987369
gen.0.5.4.0;ğŸ›«;7.9819286703443195;6.23363305224854
gen.0.5.4.0;ğŸ›©;8.280033279330565;6.134143482374398
gen.0.5.4.0;ğŸ›¬;8.130624766774643;6.1200979298894485
gen.0.5.4.0;ğŸš;8.419593259789258;6.166573518246754
gen.0.5.4.0;ğŸ—¾;7.730661761569893;6.206453593643685
gen.0.5.4.1;ğŸš€;5.791399824654278;6.449573883934653
gen.0.5.4.1;ğŸŒŒ;6.378622843253779;6.537955194234502
gen.0.5.4.1;â˜„;5.492614838362178;6.425790689800539
gen.0.5.4.1;â˜ï¸;4.7904170611085455;7.455616883578485
gen.0.5.4.1;ğŸŒ ;5.694823484220773;7.8297640133963595
gen.0.5.4.1;â™‹;5.972182943775311;8.069657612531596
gen.0.5.4.1;ğŸ“;4.516301045522953;7.524325961164833
gen.0.5.4.1;â™‰;6.921584517295524;8.548116898839925
gen.0.5.4.1;â˜ª;4.9076768868637926;8.30703111791224
gen.0.5.4.1;ğŸŒš;6.3632929240705485;7.130408437281415
gen.0.5.4.1;ğŸŒ‘;6.713287493644661;7.876357783675847
gen.0.5.4.1;ğŸ”­;5.756443060382675;6.913607491183454
gen.0.5.4.1;ğŸŒ“;7.066360111343139;7.621055091972611
gen.0.5.4.1;ğŸŒ˜;7.131584061662367;7.741435446421242
gen.0.5.4.1;ğŸŒ—;7.203282692091381;7.831421238540435
gen.0.5.4.1;ğŸ‘;6.119000770026786;6.851646075614356
gen.0.5.4.1.0;âœ¨;4.646452488789055;7.187361455578999
gen.0.5.4.1.0;â­;4.678916239119005;7.1271398004167255
gen.0.5.4.1.0;ğŸ’«;4.68250388863376;7.099059421464475
gen.0.5.4.1.0;ğŸŒŸ;4.707076967665431;7.131800428225532
gen.0.5.4.1.1;ğŸŒ™;6.366646606855189;7.315690335410025
gen.0.5.4.1.1;ğŸŒ;6.39077923444539;7.339524807763195
gen.0.5.4.1.1;ğŸŒ•;6.593190892066125;7.368229887628108
gen.0.5.4.1.1;ğŸŒ›;6.364782276645868;7.536839415020703
gen.0.5.4.1.1;ğŸŒ”;6.6208016237018485;7.505814913969005
gen.0.5.4.1.1;ğŸŒœ;6.371713214760942;7.654510914939839
gen.0.5.4.1.1;ğŸŒ’;6.731155529226452;7.5055898375658785
gen.0.5.4.1.1;ğŸŒ–;6.754217413621953;7.504765321575043
gen.0.5.4.2;ğŸš—;11.579018516383485;6.677234052141164
gen.0.5.4.2;ğŸš˜;11.000376777914955;6.991743071002595
gen.0.5.4.2;ğŸš™;11.35364383168838;6.909260081432847
gen.0.5.4.2;ğŸš•;11.706431498914315;6.872393324146318
gen.0.5.4.2;ğŸš²;10.595085364407447;6.882031343145325
gen.0.5.4.2;ğŸ›µ;10.48584933401651;7.187885514248709
gen.0.5.4.2;ğŸš´;11.203991296095554;6.299997862934506
gen.0.5.4.2;ğŸš–;11.273639968968636;6.858016429689876
gen.0.5.4.2;ğŸš;11.802994692991357;6.694072885367976
gen.0.5.5.0;ğŸŒ;-2.031822820889221;7.029770547663439
gen.0.5.5.0;ğŸŒ;-2.020981488170498;7.050673923814353
gen.0.5.5.0;ğŸŒ;-1.9961931890107771;7.060035628498796
gen.0.5.5.0;ğŸ—º;-1.9722793931804807;7.015413620394476
gen.0.5.5.1;ğŸ²;-0.6303484201548409;6.205311327889814
gen.0.5.5.1;ğŸ°;-0.30266198541690276;6.3620524204224225
gen.0.5.5.1;ğŸƒ;-0.7900514404743951;6.203271295906142
gen.0.5.5.1;ğŸ‘¨â€ğŸ‘¨â€ğŸ‘§â€ğŸ‘§;-0.0943047768335711;6.030173552245408
gen.0.5.5.1;ğŸ´;-0.451973433411664;6.6221396501487755
gen.0.5.5.2;ğŸ¦;2.4945034993265924;6.253047420369315
gen.0.5.5.2;ğŸª;2.547851928814553;6.207424242831679
gen.0.5.5.2;ğŸš¹;3.4571004183969207;6.325288240258711
gen.0.5.5.2;ğŸ©;2.318374948758219;5.951365248626217
gen.0.5.5.2;ğŸš;2.6266458518581746;5.824331504109743
gen.0.5.5.2;ğŸ°;2.7812970420549403;6.500170742446826
gen.0.5.5.2;ğŸ¢;2.491613004623849;6.986080348282875
gen.0.5.5.2;ğŸ•;3.101401965562856;6.741439266268978
gen.0.5.5.3;ğŸ¯;-0.1246956166320358;7.030159705172142
gen.0.5.5.3;#ï¸âƒ£;1.9942712173105506;7.044354041467734
gen.0.5.5.3;ğŸ”¢;0.2562223254807909;7.041923223509824
gen.0.5.5.4;ğŸ‡ğŸ¼;-0.5614429730384538;4.975822879322367
gen.0.5.5.4;ğŸŠğŸ»;-1.9609711462362491;5.425424529818579
gen.0.5.5.4;ğŸ;-1.093617360085046;4.848407930871437
gen.0.5.5.4;ğŸ­;-1.4545066896523964;4.842085247532064
gen.0.5.5.4;ğŸ¯;-0.07756059517861734;5.502468638753998
gen.0.5.5.4;ğŸ–¨;0.939020725612338;5.511776952762961
gen.0.5.5.4;ğŸ’¸;1.7834695572684547;5.579044420016553
gen.0.5.5.4;â›“;2.0698945159494504;5.078979398837862
gen.0.5.5.4;ğŸŒ‰;2.900781308892082;5.198466927054724
gen.0.5.5.4;ğŸ‡ğŸ¾;0.619007141858582;4.952765762311064
gen.0.5.5.4;ğŸ‘±ğŸ¼;1.8413451571655532;4.9491284837898775
gen.0.5.5.5;ğŸ“£;4.057744518629439;5.93977220972403
gen.0.5.5.5;ğŸ”Š;4.064535842651077;5.845772641822469
gen.0.5.5.5;ğŸ“¯;4.059256438861344;5.846981192335054
gen.0.5.5.5;ğŸ”‡;3.928785466099468;5.60578170966498
gen.0.5.5.5;ğŸ”•;3.8217564244411277;5.391190805226464
gen.0.5.5.6;ğŸ’µ;1.3718773754550375;5.632240970581219
gen.0.5.5.6;ğŸ’´;1.1603642915584187;5.621626873174722
gen.0.5.5.6;ğŸ’³;1.32041791827168;5.601533192988768
gen.0.5.5.6;ğŸ’·;1.215301394936873;5.780585524329951
gen.0.5.5.6;ğŸ’°;1.4123889466262216;5.491392774766317
gen.0.5.5.6.0;ğŸ’;1.1444951572847595;6.1928525406999215
gen.0.5.5.6.0;ğŸ’¶;1.1332580642132721;6.092816181023468
gen.0.6;ğŸƒ;-0.19809363282393153;0.04679954049555131
gen.0.6;ğŸ®;-0.34026071071813646;0.11330629601050295
gen.0.6;ğŸ´;-0.8427413789283513;1.1746719577384972
gen.0.6;ğŸ„;-0.3090664539822863;0.25373992354975305
gen.0.6;ğŸ“;-1.885050431947236;1.0250819735363494
gen.0.6;ğŸ¤‘;0.542510317146;-2.3715668314522316
gen.0.6;ğŸ¤“;1.6826692657779465;-3.0435092020443215
gen.0.6;ğŸ•µ;1.714129992203017;-2.8462609551710902
gen.0.6;â˜ï¸;-0.20018012398326596;-1.0617170098404907
gen.0.6;ğŸ¦;-1.4687748163406953;-0.5855772149518915
gen.0.6;ğŸ’;-2.5913562143117876;-0.6359690062362953
gen.0.6;ğŸ‹;-0.9817217758702057;-0.6986976128158975
gen.0.6;ğŸ•Š;-2.606145805874122;0.3114904394514195
gen.0.6;ğŸ¦‰;-1.2635766457504547;0.14347084952376832
gen.0.6;â›¸;-2.7889497345949197;-0.3705203070125343
gen.0.6;ğŸ‡ºğŸ‡¬;-1.5133517313598714;-1.0071596130556715
gen.0.6;â›³;-4.474475098208939;-1.2842107203528075
gen.0.6;ğŸ‡©ğŸ‡°;-5.110895688881488;-0.9011363584677412
gen.0.6;ğŸ´;-4.595004447497853;-1.1494796216902154
gen.0.6.0;ğŸ…;-4.055083035047076;0.12780960800387448
gen.0.6.0;ğŸ•’;-4.058732661331886;0.16273622985107405
gen.0.6.0;ğŸ•˜;-4.065281660736988;0.12861886088488547
gen.0.6.0;ğŸ†;-4.088971815851245;0.11840518379767427
gen.0.6.1;ğŸ¤;-2.8199840751198115;1.523640542655238
gen.0.6.1;ğŸ;-0.7224534872074215;1.416847989767565
gen.0.6.1;ğŸ‡;-0.4317280613275973;1.828876221463042
gen.0.6.1;ğŸ‡ğŸ»;-0.7360409098124592;1.476097861492865
gen.0.6.1;ğŸšµ;0.041911347940282485;2.1624164584202084
gen.0.6.1;ğŸ“;-1.3195110159473133;2.8747703187285234
gen.0.6.1;â™“;-0.06517451293736924;2.90517879256034
gen.0.6.1;ğŸ¥‚;-3.4631078566339415;1.565608583008837
gen.0.6.1;ğŸŠğŸ¾;-2.9879538961841092;1.4462950380700286
gen.0.6.1.0;ğŸ†;-2.399482770300955;2.3020191266663668
gen.0.6.1.0;ğŸ…;-2.3758427381596063;2.2236911709603793
gen.0.6.1.0;ğŸ–;-2.4523291462676737;2.267315497507016
gen.0.6.1.0;ğŸ—;-2.4235790490005877;2.695730658411625
gen.0.6.1.0;ğŸµ;-2.3948985339906423;2.312176546512797
gen.0.6.2;ğŸ³;3.035619175425679;1.5536663809396305
gen.0.6.2;ğŸ•Œ;3.905189646977044;1.336085013469567
gen.0.6.2;ğŸ””;0.9498094262513189;1.5698019704661927
gen.0.6.2;ğŸ›;0.9450356567349398;1.5618116974194882
gen.0.6.2;ğŸ’¯;1.8198485900088681;1.865997716607843
gen.0.6.2;ğŸ‘¨ğŸ¼;1.8713696597935405;1.5708031433165688
gen.0.6.2.0;ğŸ‘€;2.904628034882907;0.16970771560362194
gen.0.6.2.0;ğŸ”®;2.776080030760577;1.1335640633485342
gen.0.6.2.0;ğŸ‘;2.654511656981101;-0.1606437294648536
gen.0.6.2.0;ğŸ±;2.880782472241615;1.3958341947972648
gen.0.6.2.0;ğŸ¦€;2.815751283914547;0.5727711962460381
gen.0.6.2.0;ğŸ‘ƒ;2.6211374520860837;-0.4611077578902645
gen.0.6.2.0;ğŸ™‡ğŸ»;2.617449035490209;0.09544836800434449
gen.0.6.2.0;ğŸ‘¤;2.6850094610663677;-0.5461113525009971
gen.0.6.2.1;ğŸ‚;0.959999859383611;0.06461369121345237
gen.0.6.2.1;âš”;1.1281295890716911;0.19075820147473632
gen.0.6.2.1;ğŸ“;1.0893609179407269;0.16202105097363523
gen.0.6.2.1;ğŸ»;1.1031875152965636;-0.05577329926299528
gen.0.6.2.1;ğŸ†š;1.3505585141290524;-0.1495305842760038
gen.0.6.3;ğŸ’‚;0.3619418171285563;-1.9204229496326395
gen.0.6.3;ğŸ’¼;1.4839059278953606;-1.6641227639316574
gen.0.6.3;ğŸ‘ˆ;-0.006653905340330919;-1.5277402107651552
gen.0.6.3.0;ğŸ‘†;-0.03498472541123719;-1.2871780867843485
gen.0.6.3.0;ğŸ„;0.06168989380201045;-1.3579011181089502
gen.0.6.3.0;ğŸ‘‡;0.6000583289027971;-1.4100197569167277
gen.0.6.3.0;ğŸ’ª;-1.0868360865761448;-1.3316766699852174
gen.0.6.3.0;ğŸ¤³;-0.6752378968193153;-1.411734791792137
gen.0.6.3.1;ğŸ‘‘;-3.26068250292779;-1.48544768667794
gen.0.6.3.1;ğŸ¤´;-2.5919600056052507;-1.4331667743381264
gen.0.6.3.1;ğŸ‡µğŸ‡±;-2.2666170954081735;-1.398362980632527
gen.0.6.3.2;ğŸ‘Œ;-0.8044753161608166;-1.805190262622759
gen.0.6.3.2;ğŸ‘;-1.0525221377467657;-1.726821852637475
gen.0.6.3.2;ğŸ™Œ;-0.9772312166267573;-1.6179678110701268
gen.0.6.3.2;ğŸ‘;-1.1157406820217277;-1.5940525363042966
gen.0.6.4;ğŸ¸;-6.938648651887143;-2.632949240880664
gen.0.6.4;ğŸ‰;-6.05784308535315;-2.1443973584250426
gen.0.6.4;ğŸ²;-5.968579341265137;-2.5340176271176684
gen.0.6.4;ğŸ‰;-5.758926805803475;-1.940102950249805
gen.0.6.4;ğŸ’®;-5.81609252871205;-2.132093643842612
gen.0.6.4;ğŸ‘’;-6.543713626566084;-2.9597544968147256
gen.0.7;ğŸ‘‰;3.6853648655742646;-16.479539528130967
gen.0.7;âœŠğŸ¼;6.174316900037969;-15.589056018925186
gen.0.7;ğŸ‘‡ğŸ»;8.607709557812031;-15.618185150706992
gen.0.7;ğŸ‘†ğŸ»;2.5560323237911335;-14.033869401562935
gen.0.7;ğŸ‘†ğŸ¼;4.967106167662621;-15.056603828237414
gen.0.7;ğŸ™ğŸ¿;5.1294987914587225;-11.12280235016791
gen.0.7;ğŸ‘‰ğŸ¼;3.8547173635119387;-16.214920634670214
gen.0.7;ğŸ‘ˆğŸ»;2.689302047884479;-13.99158364453222
gen.0.7;ğŸ™ŒğŸ¿;7.140196996836679;-10.705271932676645
gen.0.7;ğŸ––ğŸ»;3.565104022522318;-14.72693665555293
gen.0.7;ğŸ’…ğŸ¼;9.404489448992328;-16.707372162627866
gen.0.7;ğŸ‘ƒğŸ»;4.287691075917754;-18.740330743360612
gen.0.7;ğŸ‘†ğŸ¿;4.950372928311315;-15.516923982558072
gen.0.7;ğŸ’‡;11.439075131799909;-15.777909046932251
gen.0.7;ğŸ’…ğŸ½;6.5110843168837675;-11.473438445514095
gen.0.7;ğŸ”²;11.433654061306111;-17.02999425451298
gen.0.7;ğŸ‘ƒğŸ½;7.598122133027677;-15.92069819677848
gen.0.7;ğŸ‡µğŸ‡­;6.084878010031925;-16.02422113355569
gen.0.7;ğŸ‡­ğŸ‡¹;6.849886417440656;-15.158602065175222
gen.0.7.0;ğŸ‘´ğŸ¼;11.284430782527922;-11.62137549434254
gen.0.7.0;ğŸ‘ğŸ½;6.6066916873635435;-14.510850597822072
gen.0.7.0;ğŸ’ªğŸ½;6.920157223570794;-13.429191581511029
gen.0.7.0;ğŸ‘ŒğŸ½;7.408629264572627;-14.43074654303006
gen.0.7.0;ğŸ‘ğŸ½;6.737914606548957;-14.60391638561299
gen.0.7.0;ğŸ‘ğŸ¾;8.2813552493334;-13.080807457801761
gen.0.7.0;ğŸ™ŒğŸ¾;9.25716693479905;-13.780231100261707
gen.0.7.0;ğŸ‘‡ğŸ¾;9.29187595663433;-12.866858495616677
gen.0.7.0;ğŸ™ŒğŸ½;7.305705273816906;-13.849779209722733
gen.0.7.0;ğŸ‘ğŸ¾;9.059634515933997;-13.639781109498287
gen.0.7.0;ğŸ™ğŸ¾;8.1019918726704;-13.268686704126644
gen.0.7.0;ğŸ‘ŒğŸ¾;8.836660361989058;-12.962264451308615
gen.0.7.0;ğŸ‘ŠğŸ½;6.954222585175578;-13.914301464484137
gen.0.7.0;ğŸ’ªğŸ¾;7.784599670191519;-12.635389725495838
gen.0.7.0;ğŸ‘ğŸ¿;5.784725716749033;-12.335578598368901
gen.0.7.0;ğŸ‘‡ğŸ½;8.30030883679108;-15.19013050605373
gen.0.7.0;ğŸ’ªğŸ¿;6.224121011569777;-13.037350438575734
gen.0.7.0;âœŠğŸ¾;7.329622324566125;-12.793045916471415
gen.0.7.0;âœŠğŸ½;7.1809123870803635;-12.923879588141803
gen.0.7.0;ğŸ‘†ğŸ½;7.212856024023079;-14.534387835187172
gen.0.7.0;ğŸ‘ŠğŸ¾;8.32751332690504;-11.69197691223426
gen.0.7.0;ğŸ‘ŠğŸ¿;5.82300341011856;-12.155494605492414
gen.0.7.0;âœŠğŸ¿;7.059957484870383;-12.588487500674717
gen.0.7.0;ğŸ‘¸;12.01812702984391;-13.61160305936974
gen.0.7.0;ğŸ‘³ğŸ¾;8.401921348267495;-11.342364373131044
gen.0.7.0;ğŸ‘†ğŸ¾;8.949158361254689;-12.84510834377776
gen.0.7.0;ğŸ’…ğŸ¾;9.472364790259366;-13.616182133362063
gen.0.7.0;ğŸ‘‰ğŸ½;7.6225741871441235;-14.283524737002638
gen.0.7.0;ğŸ™…ğŸ½;9.942716433351386;-12.110847693147022
gen.0.7.0;ğŸ‘‰ğŸ¾;9.357801366492877;-12.236644413513227
gen.0.7.0;ğŸ‘¸ğŸ»;12.502849511659273;-12.41600557495728
gen.0.7.0;ğŸ™‹ğŸ½;7.670290780325088;-14.718520673942788
gen.0.7.0;ğŸ‘¸ğŸ¼;11.907751776988205;-13.73715177625812
gen.0.7.0;ğŸ‘ğŸ»;4.618234601756802;-12.409361842205845
gen.0.7.0;ğŸ‘ğŸ½;7.072796618096853;-13.925369201396215
gen.0.7.0;ğŸ––ğŸ¾;8.000550886711705;-12.372526363441523
gen.0.7.0;ğŸ‘ğŸ¾;9.0201633341514;-14.21495982944403
gen.0.7.0;ğŸ‘¸ğŸ¾;9.855172961089057;-14.228174008156243
gen.0.7.0.0;ğŸ‘ğŸ¼;5.26600179240966;-13.550188176910881
gen.0.7.0.0;ğŸ’ªğŸ¼;5.376053744364298;-13.508226464082664
gen.0.7.0.0;ğŸ‘ŒğŸ¼;5.014464857521893;-14.016485450130343
gen.0.7.0.0;ğŸ‘ğŸ¼;5.194111956437725;-14.279587523533921
gen.0.7.0.0;ğŸ™ŒğŸ¼;5.297883928134239;-13.620142868167857
gen.0.7.0.0;ğŸ‘ŠğŸ¼;5.144628150372167;-13.686636878155225
gen.0.7.0.0;ğŸ––ğŸ¼;5.2126040818942165;-13.7521912133771
gen.0.7.0.0;ğŸ‘¸ğŸ½;4.967423162905398;-14.321151639644093
gen.0.7.1;ğŸ‘ˆğŸ¿;7.420926461487242;-18.43526411698197
gen.0.7.1;ğŸ––ğŸ¿;7.479642013139221;-18.375322998722552
gen.0.7.1;ğŸ‘ğŸ¿;7.543606561372081;-18.17741452800469
gen.0.7.1;ğŸ‘‡ğŸ¿;7.596104284758793;-18.460310476604413
gen.0.7.1;ğŸ‘‰ğŸ¿;7.108123605497062;-18.50285581046138
gen.0.7.2;ğŸ™ŒğŸ»;3.530735390790204;-12.613126710850691
gen.0.7.2;ğŸ‘‰ğŸ»;3.2288785885377544;-13.53534234309513
gen.0.7.2;ğŸ‘ŒğŸ¿;4.1038506171272084;-13.88317646333599
gen.0.7.2;ğŸ‘¼ğŸ¿;3.174615527287972;-12.18221046890738
gen.0.7.2;ğŸ’‚ğŸ»;3.7733964443809573;-10.611980748663822
gen.0.7.2.0;ğŸ‘ğŸ»;3.6195317989886306;-12.944519308296073
gen.0.7.2.0;ğŸ‘ŒğŸ»;3.7158433705414855;-12.968294648583228
gen.0.7.2.0;ğŸ‘ğŸ»;3.5200244872007866;-12.835589299578533
gen.0.7.2.0;ğŸ’ªğŸ»;4.062945102764142;-12.987374219643806
gen.0.7.2.0;ğŸ‘ŠğŸ»;3.9946243533604258;-12.891628384503306
gen.0.7.2.0;âœŠğŸ»;3.784676093374736;-13.200041927936109
gen.0.7.2.0;ğŸ‘ğŸ¼;3.564115621352762;-13.160503451329271
gen.0.7.2.1;ğŸ™ğŸ»;4.0432436986121765;-11.51526487028896
gen.0.7.2.1;ğŸ™ğŸ¼;4.227361432834841;-11.593345675690879
gen.0.7.2.1;ğŸ‡§ğŸ‡²;3.9047747147976444;-11.670868857722773
gen.0.8;ğŸ“;14.07894612347499;-2.3605656071804084
gen.0.8;â˜ï¸;13.998424699106737;-2.3225006844944214
gen.0.8;ğŸš”;12.555375048205256;-2.8512833521581995
gen.0.8;ğŸ‘®;12.50648819067544;-2.939217884056016
gen.0.8;ğŸ•¯;11.311017754301869;-1.2600334891225933
gen.0.8;ğŸš“;12.594675971219457;-2.822140622938583
gen.0.8;ğŸš­;16.182790501988862;-2.8251994454616964
gen.0.8;ğŸ“ ;10.40295024957421;-2.2785510452781037
gen.0.8;ğŸ‡°ğŸ‡¼;18.07639624936449;-1.5770389758103858
gen.0.8;ğŸ†‘;10.231822676518284;-0.4844855147578878
gen.0.8;ğŸ‘³ğŸ½;11.426388829925452;-2.2670477422031183
gen.0.8;ğŸ‘‡ğŸ¼;11.833199401530072;-5.979270568318261
gen.0.8;ğŸ¤–;10.176726607080447;-3.2118593917307545
gen.0.8;ğŸ‘¾;10.316701353888908;-3.9556508504853563
gen.0.8;ğŸ‘£;13.72316138327437;-3.9104678005510207
gen.0.8;ğŸ‘‚ğŸ»;14.519160847981377;-6.250265185122465
gen.0.8;ğŸ‘¨;10.106730269797836;-4.982231383934866
gen.0.8;ğŸ‘®ğŸ»;11.09234886861688;-3.489201167201968
gen.0.8;ğŸ“§;10.806588516704872;-5.904159822973076
gen.0.8;ğŸ‘¨â€ğŸ‘¨â€ğŸ‘¦;12.154000380692896;-4.607801997268646
gen.0.8;ğŸ‘´ğŸ¿;11.337352418704501;-4.766837357813015
gen.0.8;ğŸ‘³ğŸ»;12.996279582310969;-5.436383869112388
gen.0.8;ğŸ‘¦ğŸ¿;17.480762586707858;-4.7177629758130095
gen.0.8;ğŸ’ğŸ»;10.726830057966893;-6.917071354637094
gen.0.8;ğŸ•´;12.462908052713892;-7.022200164490081
gen.0.8;ğŸ‘ƒğŸ¼;12.702004678120836;-7.753050400558221
gen.0.8;ğŸ‡ğŸ¿;14.182399540726562;-8.58441206691882
gen.0.8;ğŸ™‡ğŸ¿;16.484674006166337;-8.531771384246824
gen.0.8;ğŸ‘®ğŸ½;10.16799578910591;-7.2695412668282975
gen.0.8.0;â—¾;13.505607765643553;-9.927934577637544
gen.0.8.0;âœ‹ğŸ¿;9.197132824470415;-9.983951465554108
gen.0.8.0;ğŸ‘ƒğŸ¿;7.270109779098658;-9.012661472500199
gen.0.8.0;ğŸ™…ğŸ¼;6.989442319272127;-9.731971726076651
gen.0.8.0;ğŸ‡²ğŸ‡²;3.750727883879705;-9.84924561037925
gen.0.8.0.0;ğŸ‘‹;10.865890686462913;-9.725794039017002
gen.0.8.0.0;ğŸ‘‹ğŸ»;10.858366533221993;-9.461121406159355
gen.0.8.0.0;ğŸ‘‹ğŸ¼;10.889292915686942;-9.7095723281508
gen.0.8.0.0;ğŸ‘‹ğŸ½;11.112663601929624;-9.714734697466186
gen.0.8.0.0;ğŸ‘‹ğŸ¾;10.834125072372682;-10.050543126785227
gen.0.8.0.0;ğŸ‘‹ğŸ¿;11.286040804551126;-9.862439639430452
gen.0.8.0.1;âœ‹;9.539040214130901;-9.176338757981222
gen.0.8.0.1;ğŸ¤š;9.701148212034134;-9.171645095596793
gen.0.8.0.1;ğŸ–;10.005635718745149;-9.257116922094344
gen.0.8.0.1;âœ‹ğŸ»;10.486249714067922;-9.259635983357683
gen.0.8.0.1;âœ‹ğŸ¼;9.145970127647399;-9.298182743922528
gen.0.8.0.1;âœ‹ğŸ¾;9.011093300379994;-8.820932670611327
gen.0.8.0.1;ğŸ™‹ğŸ¼;10.581104410140822;-8.977642476438508
gen.0.8.0.1;âœ‹ğŸ½;9.510930068481974;-9.012964725707272
gen.0.8.0.2;ğŸŠğŸ¼;5.485176421616031;-9.056200887604861
gen.0.8.0.2;ğŸŒŠ;5.004262891018419;-9.465645825789926
gen.0.8.0.2;ğŸ„;5.519802824601099;-9.36146075161274
gen.0.8.0.2;ğŸ„ğŸ½;5.51596847619592;-9.58896745281275
gen.0.8.0.2;ğŸ„ğŸ»;5.095278536946927;-9.287736320005413
gen.0.8.0.2;ğŸ„ğŸ¾;5.568395500455869;-9.676120175877577
gen.0.8.1;ğŸ‘‚ğŸ¾;15.449170944857341;-6.905917902099817
gen.0.8.1;ğŸ‘‚ğŸ¿;15.499344547813056;-5.916435386716049
gen.0.8.1.0;ğŸ¨;14.97479546996558;-3.7478892101053654
gen.0.8.1.1;ğŸ‘‚;15.258094560162915;-6.257942250409937
gen.0.8.1.1;ğŸ‘‚ğŸ¼;15.24830630939169;-6.223272378089985
gen.0.8.1.1;ğŸ‘‚ğŸ½;15.315873917972164;-6.20647911946972
gen.0.8.1.2;ğŸ™ğŸ½;15.130592863807381;-11.403064728489273
gen.0.8.1.2;ğŸ“–;15.203949157901393;-11.417056115362202
gen.0.8.1.2;ğŸ‘ˆğŸ½;15.19569028498412;-11.408205381290438
gen.0.8.1.2;ğŸ‘ˆğŸ¼;15.191913447161179;-11.413081628191652
gen.0.8.1.3;ğŸƒ;15.117016922234226;-0.2997163979248289
gen.0.8.1.3;ğŸƒğŸ»;15.1231914751785;-0.306620241684539
gen.0.8.1.3;ğŸƒğŸ¿;15.15517720024934;-0.21415181300016203
gen.0.8.1.3;ğŸƒğŸ¾;15.232164564358115;-0.3077310475511569
gen.0.8.1.3;ğŸš¶;15.22910092361326;-0.9204013344664203
gen.0.8.2;ğŸ“¢;9.892933645998722;1.6014030829565424
gen.0.8.2;ğŸ”µ;12.669031492284576;-0.21836771848076927
gen.0.8.2;ğŸšª;16.974709726290037;1.083387610370314
gen.0.8.2;ğŸ“›;11.029224473384927;1.1098983139772693
gen.0.8.2;ğŸ‘¥;18.189601981289517;0.42150813522539265
gen.0.8.2;ğŸš£ğŸ¿;6.661886853011768;1.2023988610429475
gen.0.8.2;ğŸšµğŸ½;14.736894511940969;1.5034490076448075
gen.0.8.2.0;ğŸ›‘;10.033134416434626;-0.3750910702918527
gen.0.8.2.0;ğŸ›‚;9.89251935500713;-0.1926778644171895
gen.0.8.2.1;ğŸƒğŸ½;14.246728127855965;-0.3557379664723677
gen.0.8.2.1;ğŸƒğŸ¼;15.529608120153569;-0.3642861113579348
gen.0.8.2.2;âš ï¸;11.061392681693002;1.0185794543444848
gen.0.8.2.2;ğŸ†˜;10.649707230561942;0.5271237060838346
gen.0.8.2.2;ğŸš·;10.777087616135786;0.596668588729051
gen.0.8.2.2;ğŸš´ğŸ½;15.034073896047431;0.841899201161359
gen.0.8.2.2.0;â;8.683718100142702;0.8885527287582445
gen.0.8.2.2.0;ğŸ…¾ï¸;8.687846436575747;0.8137354646848157
gen.0.8.2.2.0;ğŸ‘²ğŸ¼;7.662095146851889;0.8181606034772143
gen.0.8.2.2.1;ğŸ”´;12.470614966532137;0.6010586349951866
gen.0.8.2.2.1;âŒ;12.230755687501835;0.8084140940486042
gen.0.8.2.2.1;ğŸš«;12.142394184602939;0.6923907400544222
gen.0.8.2.2.1;â›”;11.927524507658566;0.8564220279622317
gen.0.8.2.2.1;ğŸ”¶;12.733948755580203;0.7697821696348781
gen.0.8.2.2.1;ğŸ‡°ğŸ‡¬;12.099508691619727;0.8092321379393489
gen.0.8.3.0.0;ğŸ˜­;8.08343633292537;-6.214178276026091
gen.0.8.3.0.0;ğŸ˜©;8.09309879907596;-5.924064986828704
gen.0.8.3.0.0;ğŸ˜¢;7.98154380995016;-6.131566585215486
gen.0.8.3.0.0;ğŸ˜’;6.436034293210776;-6.177042223454892
gen.0.8.3.0.0;ğŸ˜;6.570906107549455;-6.045535289500249
gen.0.8.3.0.0;ğŸ˜‘;6.491586394044648;-6.122643181432668
gen.0.8.3.0.0;ğŸ˜”;7.304891924142739;-6.029588590890407
gen.0.8.3.0.0;ğŸ˜•;6.930953289871247;-5.909769786439424
gen.0.8.3.0.0;ğŸ˜;7.290122873450277;-5.976419190006356
gen.0.8.3.0.0;ğŸ˜«;7.989359392074382;-5.704575275439712
gen.0.8.3.0.0;ğŸ˜¥;7.708551839624685;-5.714000961679618
gen.0.8.3.0.0;ğŸ˜£;7.583431748826606;-5.791641352435494
gen.0.8.3.0.0;ğŸ¤;5.914303050195749;-5.752135077562271
gen.0.8.3.0.0;ğŸ˜¶;6.3403126908176715;-5.913550840017542
gen.0.8.3.0.0;ğŸ™;7.1765799110853274;-5.967901789664824
gen.0.8.3.0.0;ğŸ˜Ÿ;7.388468832054189;-5.723495860427328
gen.0.8.3.0.0;ğŸ’”;8.332818745724206;-6.192233014149889
gen.0.8.3.0.0;ğŸ™…ğŸ»;5.291120751187443;-5.606008595081498
gen.0.8.3.0.0;ğŸ™„;5.846942396092546;-5.971682422737508
gen.0.8.3.0.0;ğŸ˜¬;5.658874921581704;-5.905558379320183
gen.0.8.3.0.0;ğŸš¶ğŸ»;5.545380073794877;-6.285810103442923
gen.0.8.3.0.1;ğŸ˜´;4.486843894580753;-5.938840946212295
gen.0.8.3.0.1;ğŸ’¤;4.091777768098763;-5.916749615153929
gen.0.8.3.0.1;ğŸ›Œ;4.35946463307331;-5.94356578351984
gen.0.8.3.0.1;ğŸ›;4.37668911611448;-5.973415727534332
gen.0.8.3.0.2;ğŸ˜¡;9.054834411635857;-5.629996821917508
gen.0.8.3.0.2;ğŸ˜¤;8.909596393623866;-5.602182670502424
gen.0.8.3.0.2;ğŸ˜ ;9.067689230366975;-5.636398550311885
gen.0.8.3.1;ğŸ‘»;3.272211653155974;-3.9704293715970906
gen.0.8.3.1;ğŸƒ;3.1992508706790717;-4.023898669154452
gen.0.8.3.1;â›·;2.5214314707959558;-2.0244410559490413
gen.0.8.3.1;ğŸ•·;3.737438190488285;-4.654671725398689
gen.0.8.3.1;ğŸ‚;2.408547413516158;-1.96722955257586
gen.0.8.3.1;ğŸ¿;2.388758346535459;-1.8888326285044712
gen.0.8.3.1;ğŸ¤¡;2.0176671528933885;-3.6472093994060106
gen.0.8.3.1;ğŸ‘´ğŸ»;2.13871497145027;-3.3832244673923295
gen.0.8.3.1;ğŸ•¸;3.717733831977776;-4.725947950840499
gen.0.8.3.1;ğŸ“¿;3.1242643411430238;-8.436849365872309
gen.0.8.3.1;ğŸ’‡ğŸ¼;2.983612097321342;-4.534121727313844
gen.0.8.3.1;ğŸ™…;2.4812743880368684;-7.101240100649378
gen.0.8.3.1;ğŸ›‹;3.835435041760055;-5.82028415989296
gen.0.8.3.1;ğŸ™;3.170975515483872;-7.4512447803537905
gen.0.8.3.1;ğŸ’†ğŸ¼;2.9954376848944353;-6.149627433577746
gen.0.8.3.1.0;ğŸ™ˆ;2.493448178032718;-5.518538425414389
gen.0.8.3.1.0;ğŸ™Š;2.2172757820970213;-5.671675868783809
gen.0.8.3.1.0;ğŸ™‰;2.470593019740925;-5.561647507983423
gen.0.8.3.1.0;ğŸ‘³;2.2713929567107596;-5.875743401917649
gen.0.8.3.1.0;ğŸ™†ğŸ¾;2.6947363654794914;-5.531915740589763
gen.0.8.3.1.0;ğŸ‘°ğŸ¼;2.0941410612672144;-5.1309825871952075
gen.0.8.3.1.1;ğŸ¤¦;4.412426399272894;-7.5692243494597955
gen.0.8.3.1.1;ğŸ¤·;4.250877541112404;-7.5802682646494866
gen.0.8.3.1.1;ğŸˆ´;4.293903343264644;-7.667258065506078
gen.0.8.3.1.1;ğŸ’†;3.582253671869612;-7.579436002052688
gen.0.8.3.1.1;ğŸ™;4.760902954178238;-7.566204893065153
gen.0.8.3.1.2;ğŸ¤”;3.6683143746194964;-0.6102224616008196
gen.0.8.3.1.2;ğŸ—£;3.123319857055776;-0.6133531378984296
gen.0.8.3.1.2;ğŸ’­;4.0107254510395505;-0.08178710886147172
gen.0.8.3.1.2;ğŸš©;3.5365821338055095;-0.2056105890281419
gen.0.8.3.1.2;ğŸ•³;4.689778997626077;-1.2288719392081382
gen.0.8.3.1.2;ğŸ—¯;4.228571661113883;0.22098297054439542
gen.0.8.3.1.2;ğŸš¶ğŸ½;4.333934016324493;-1.2901832720382986
gen.0.8.3.1.2;ğŸ’€;4.506384565445417;-2.273938429187411
gen.0.8.3.1.2;ğŸ¾;4.254533413991064;-2.336551242666077
gen.0.8.3.1.2;ğŸ‘®ğŸ¼;3.2987632117789247;-3.1130054076751232
gen.0.8.3.1.2;ğŸš¶ğŸ¾;3.9894555754757914;-2.108746342671279
gen.0.8.3.1.2;ğŸš£ğŸ»;3.3666995516255493;-1.960692887474377
gen.0.8.3.1.2.0;ğŸ˜ˆ;3.5426096778383314;-3.4640409006925714
gen.0.8.3.1.2.0;ğŸ‘¹;4.033960757224861;-3.410792728688551
gen.0.8.3.1.2.0;ğŸ‘½;3.4209596340816963;-3.390557815284557
gen.0.8.3.1.2.0;ğŸ‘¿;4.1379709979341595;-3.6582376462414508
gen.0.8.3.1.2.0;ğŸ‘º;4.079232995028274;-3.5934356293809553
gen.0.8.3.1.2.0;ğŸ‘¦;4.588636708087493;-3.3834135017107285
gen.0.8.3.2.0;ğŸ˜ª;7.871310823681932;-6.448391161262932
gen.0.8.3.2.0;â˜¹;7.5278896183671495;-6.54582460637696
gen.0.8.3.2.0;ğŸ‘ˆğŸ¾;9.039819384117893;-6.939008557024075
gen.0.8.3.2.0;ğŸ‘¶ğŸ¼;8.406161761543846;-6.996206490311028
gen.0.8.3.2.0;ğŸ˜¿;7.6048554934683406;-7.383484554420081
gen.0.8.3.2.1;ğŸ‘³ğŸ¼;6.788086596242233;-3.0853990259621122
gen.0.8.3.2.1.0;ğŸ˜³;6.1960542788052395;-5.109619029847741
gen.0.8.3.2.1.0;ğŸ˜°;7.8166670356836105;-4.356922321418936
gen.0.8.3.2.1.0;ğŸ˜§;7.35857786019661;-4.8845995107301405
gen.0.8.3.2.1.0;ğŸ˜¦;7.263298846580779;-4.988521188465997
gen.0.8.3.2.1.0.0;ğŸ˜²;6.678625527481622;-4.358171074556873
gen.0.8.3.2.1.0.0;ğŸ˜®;6.616765557644134;-4.646621313365807
gen.0.8.3.2.1.0.0;ğŸ˜¯;6.741581881240572;-4.757031047761236
gen.0.8.3.2.1.0.1;ğŸ¤§;8.694406219711823;-4.6570745466844405
gen.0.8.3.2.1.0.2;ğŸ˜–;8.00046190373545;-5.390203203371938
gen.0.8.3.2.1.0.2;ğŸ˜“;7.723048830958076;-5.570428389140909
gen.0.8.3.2.1.1;ğŸ”«;5.850612628798762;-3.8236457197088014
gen.0.8.3.2.1.1;ğŸ‘¨ğŸ»;5.282263331737417;-3.6775488109082484
gen.0.8.3.2.1.1;ğŸ‘;5.968028606943872;-3.764317423889766
gen.0.8.3.2.1.2;ğŸ¤¥;5.160266759355198;-4.861913988537166
gen.0.8.3.2.1.2;ğŸ™‡ğŸ¼;5.493184963290761;-4.898689871575391
gen.0.8.3.2.1.3;ğŸ˜±;7.547708129479968;-3.4343504279694175
gen.0.8.3.2.1.3;ğŸ˜¨;7.751929308392703;-3.778907474784386
gen.0.8.3.2.1.3;ğŸ³;7.749725086585561;-4.056784284363463
gen.0.8.3.2.1.3;ğŸ•‹;7.422398581162095;-3.562166476169849
gen.0.8.3.2.2;ğŸ™‹ğŸ¾;6.0784431320878545;-8.228928034751013
gen.0.8.3.2.2;ğŸ™‡ğŸ½;6.009634816420445;-7.371089179917017
gen.0.8.3.2.2;ğŸ™‡ğŸ¾;5.710680480583129;-6.7917770483217845
gen.0.8.3.2.2;ğŸ‘´ğŸ¾;6.601300760409972;-7.767622141926646
gen.0.8.3.2.3;â›ª;9.711711045286023;-1.7785120492830562
gen.0.8.3.2.3;â˜£;8.674505273942462;-1.8510593066409282
gen.0.8.3.2.3;ğŸš»;7.455030355393679;-1.9745196586074718
gen.0.8.3.2.3;ğŸ‘²ğŸ¿;9.240236510718933;-2.547165008679073
gen.0.8.3.2.3;ğŸ¤•;8.446260897355556;-4.123461437159736
gen.0.8.3.2.3;ğŸš‘;9.150017361081808;-2.770419781674604
gen.0.8.3.2.3;ğŸ¥;9.57112073758194;-3.4634621054638073
gen.0.8.3.2.3;ğŸ“´;7.688577714494698;-2.828843484585062
gen.0.8.3.2.3.0;â˜¢;8.265485020985906;-1.675833226772524
gen.0.8.3.2.3.0;â˜ ;8.287264870505213;-1.70987499701602
gen.0.8.3.2.3.0;âš°;8.408108771544635;-1.3170231111165245
gen.0.8.3.2.3.0;âš–;8.503334032348846;-0.3863672243301434
gen.0.8.3.2.3.0;âš±;8.446917630201796;-1.1446563034002049
gen.0.8.3.2.3.1;ğŸ˜µ;7.954796118908746;-3.4950296421929403
gen.0.8.3.2.3.1;ğŸ‘·;8.337423894976572;-3.3712203869377473
gen.0.8.3.2.3.1;ğŸ‘¨ğŸ¾;8.078039778936537;-3.21799141017836
gen.0.8.3.2.3.2;ğŸ¤¢;8.69856249131108;-4.249616284455625
gen.0.8.3.2.3.2;ğŸ˜·;8.818711195044362;-4.304451148608622
gen.0.8.3.2.3.2;ğŸ¤’;8.876625668953084;-4.298548058822363
gen.0.8.3.2.4.0;ğŸš½;6.445825099514267;-1.1299425864819308
gen.0.8.3.2.4.0;ğŸ—‘;6.565510733408631;-1.0885155562169322
gen.0.8.3.2.4.1;ğŸš®;7.072514257127907;-0.5124466769380437
gen.0.8.3.2.4.1;ğŸš¾;7.1154225087323715;-0.6251417398891573
gen.0.8.3.2.4.2;ğŸ’©;5.843104037450646;-1.5400468020501696
gen.0.8.3.2.4.2;ğŸ‘;5.835008324720128;-1.3304889977832794
gen.0.8.3.2.4.2;ğŸš;5.62638246009892;-1.0000547252277754
gen.0.8.3.2.4.2;ğŸˆ;5.5862202179618325;-0.6941775598181686
gen.0.8.3.2.4.3;ğŸ“‰;6.31231413031723;-0.03905047495565558
gen.0.8.3.2.4.3;ğŸ”ª;6.144797911878594;-0.005819620580591313
gen.0.8.3.2.4.3;â™¿;6.778346078036246;0.22151058433770535
gen.0.8.3.2.4.3;ğŸ›€ğŸ¾;4.920890834321342;0.10583177590771027
gen.0.8.3.2.4.4;ğŸ‘µğŸ»;5.320504660099724;-2.0677077163048643
gen.0.8.3.2.4.4;ğŸ‘®ğŸ¿;5.517486529345443;-2.064165917003606
gen.0.8.3.2.4.5;ğŸ‘ğŸ»;5.901131517540952;-1.8412639046027228
gen.0.8.3.2.4.5;ğŸ‘ğŸ¿;6.361441461898992;-1.895455734968071
gen.0.8.3.2.4.5;ğŸ‘ğŸ¼;6.021604164215732;-2.2414501525382535
gen.0.8.3.2.4.5;ğŸ‘ğŸ½;6.145810512133381;-2.5579418799409637
gen.0.8.3.2.4.5;ğŸ‘ğŸ¾;6.053129451605319;-2.756815381943565
gen.0.9.0;ğŸ‘¨â€ğŸ‘©â€ğŸ‘§;-8.981320657770254;-5.851071441207722
gen.0.9.0;ğŸ¤;-7.982747508377861;-4.632143800702581
gen.0.9.0;ğŸ”;-9.185601634951588;-4.86248838014194
gen.0.9.0;ğŸ“;-9.249361656271818;-4.831680146869243
gen.0.9.0;âš¾;-8.923330328540283;-2.3453299502216978
gen.0.9.0;ğŸ;-8.638549533314343;-2.0589946400007175
gen.0.9.0;ğŸ¸;-8.512611558776213;-1.4868569408717591
gen.0.9.0.0;ğŸ¦…;-7.657141857723041;-3.3828558756483824
gen.0.9.0.0;ğŸ¦;-7.688461431894597;-3.5057580808259408
gen.0.9.0.1;ğŸ€;-9.404121601251287;-2.8858769782149154
gen.0.9.0.1;âš½;-9.446345015429177;-2.38395260207146
gen.0.9.0.1;ğŸˆ;-9.398586313752777;-2.4329173241730033
gen.0.9.0.1;ğŸ¾;-9.149724280392169;-2.819567665555519
gen.0.9.0.1;ğŸ;-9.227860764482198;-2.501340128628777
gen.0.9.0.1;ğŸ‰;-9.556263339903305;-2.467172711808743
gen.0.9.0.1;â›¹;-9.398819250781424;-3.284230474017549
gen.0.9.1;ğŸ‡¨ğŸ‡³;-14.409656686471944;0.17783869871249766
gen.0.9.1;ğŸ‡¯ğŸ‡µ;-14.74860991047697;-0.09478230955742821
gen.0.9.1;ğŸ‡®ğŸ‡³;-15.875778959549411;0.04909419698803734
gen.0.9.1;ğŸ‡®ğŸ‡·;-13.17518168509206;0.33833606593573795
gen.0.9.1;ğŸ‡°ğŸ‡·;-14.848552119247461;-0.17550389091503368
gen.0.9.1;ğŸ‡¹ğŸ‡·;-13.809257411572169;0.8097175327205489
gen.0.9.1;ğŸ‡¹ğŸ‡¼;-14.191847139228187;0.3614091383433067
gen.0.9.1;ğŸ‡»ğŸ‡³;-13.822911045279351;-0.4384003966066034
gen.0.9.1;ğŸ‡­ğŸ‡°;-14.896351486647857;0.28429695277997724
gen.0.9.1;ğŸ‡µğŸ‡°;-16.28811566153036;-0.20193420949676233
gen.0.9.1;ğŸ‡®ğŸ‡¸;-14.312384249114013;0.8403465000659177
gen.0.9.1;ğŸ‡¹ğŸ‡­;-15.139343372544289;-0.7916967522731891
gen.0.9.1;ğŸ‡®ğŸ‡©;-15.96957049845118;0.592650706970666
gen.0.9.1;ğŸ‡°ğŸ‡­;-14.613966817805235;1.4098371951432982
gen.0.9.1;ğŸ‡¬ğŸ‡º;-14.861597363917257;-0.1852014420593207
gen.0.9.1;ğŸ‡±ğŸ‡¾;-13.867636204267443;0.3318665149914016
gen.0.9.2;ğŸ¯;-16.40648306387935;-5.803751630550255
gen.0.9.2;ğŸ‡·ğŸ‡º;-17.505512954929408;-2.182830959491715
gen.0.9.2;ğŸ‡§ğŸ‡·;-14.127960158004017;-4.405361054529803
gen.0.9.2;ğŸ“ƒ;-19.018762408273766;-0.9407604897281544
gen.0.9.2;ğŸ‡µğŸ‡ª;-16.078574908224482;-2.6674441994412446
gen.0.9.2;ğŸ‡°ğŸ‡¿;-19.31403144615223;-2.9035829666748625
gen.0.9.2;ğŸ‡³ğŸ‡µ;-17.639369471603814;1.7481938845351652
gen.0.9.2.0;ğŸ§;-14.567245630741555;-7.186944654539022
gen.0.9.2.0;ğŸ—³;-16.60352749252553;-7.291037260612672
gen.0.9.2.1;ğŸ‡²ğŸ‡½;-15.620713214329223;-3.27570297414421
gen.0.9.2.1;ğŸ‡µğŸ‡·;-15.823843432492474;-3.566772486300238
gen.0.9.2.1;ğŸ‡¨ğŸ‡º;-15.697314870659257;-3.4342883167665765
gen.0.9.3;ğŸ‘¬;-11.06928754096901;1.188460136740018
gen.0.9.3;ğŸ‘«;-11.235420302401451;1.4072928040605341
gen.0.9.3;ğŸ‘­;-11.251125834589862;1.3946109030703915
gen.0.9.3;ğŸ‡¦ğŸ‡±;-12.99371551085499;2.8235684050401844
gen.0.9.3;ğŸ‡©ğŸ‡´;-9.696815781557012;1.3484662086494514
gen.0.9.3;ğŸ‡²ğŸ‡¹;-11.065110502080291;3.3046695632931415
gen.0.9.4;ğŸ£;-10.417568346572143;-0.3556975685919668
gen.0.9.4;ğŸŸ;-10.321300103472275;-0.3562390915757
gen.0.9.4;ğŸ ;-10.211246943138606;-0.3025085888979996
gen.0.9.4;ğŸ¡;-10.218344460087623;-0.3220263825174595
gen.0.9.4;ğŸ³;-9.200801749627583;-0.2434606251158617
gen.0.9.4;ğŸ‹;-9.177812868474136;-0.22162318588475552
gen.0.9.4;ğŸ¬;-9.264531452120922;-0.2287150567951645
gen.0.9.5;ğŸ‡µğŸ‡¹;-12.771564006099757;-6.566723314982944
gen.0.9.5;ğŸ‡¬ğŸ‡·;-11.779265324712986;-4.240664807216969
gen.0.9.5;ğŸ‡®ğŸ‡±;-13.079094520643945;-5.287292022946601
gen.0.9.5;ğŸ‡ºğŸ‡¾;-11.70694280390969;-4.352443346857242
gen.0.9.5;ğŸ‡«ğŸ‡·;-11.888816117138338;-5.536927308009448
gen.0.9.5;ğŸ‚;-10.805363520432806;-6.127649544930038
gen.0.9.5;ğŸ°;-10.838032248175677;-6.309137541067881
gen.0.9.6;ğŸ‡¬ğŸ‡§;-12.487831805276189;-3.6935764822384236
gen.0.9.6;ğŸ‡®ğŸ‡¹;-12.534380493684159;-3.1415103291242743
gen.0.9.6;ğŸ‡°ğŸ‡µ;-12.649298435626966;-0.6012666106968565
gen.0.9.6;ğŸ‡¸ğŸ‡ª;-13.561192568253947;-3.0076832365688584
gen.0.9.6;ğŸ‡¦ğŸ‡·;-14.13438397604763;-1.8066322621174862
gen.0.9.6;ğŸ‡ªğŸ‡º;-13.507806118949098;-2.0446004806983833
gen.0.9.6;ğŸ‡¿ğŸ‡¦;-15.101622580153489;-2.093389733743959
gen.0.9.6;ğŸ‡ºğŸ‡¦;-11.784300573709405;-1.5772978822978987
gen.0.9.6;ğŸ‡¨ğŸ‡®;-11.289430324344544;-2.9762893098927004
gen.0.9.6;ğŸ‡³ğŸ‡¿;-13.539314230311692;-3.523469472475595
gen.0.9.6;ğŸ‡­ğŸ‡º;-12.186935306554219;-2.3701586354107067
gen.0.9.6;ğŸ‡¨ğŸ‡±;-13.160884789698839;-2.253697254790079
gen.0.9.6;ğŸ‡®ğŸ‡¶;-13.117152320407314;-1.289715221644102
gen.0.9.6.0;ğŸ‡§ğŸ‡ª;-14.010905498768278;-4.4043266077850145
gen.0.9.6.1;ğŸ‡ºğŸ‡¸;-13.087679119947584;-1.5979109590863105
gen.0.9.6.1;ğŸ‡±ğŸ‡·;-12.508561336874934;-1.6968909530808625
gen.0.9.6.1;ğŸ‡¦ğŸ‡ª;-13.329317899403508;-1.7216832114134315
gen.0.9.6.1;ğŸ‡¸ğŸ‡¦;-12.97042763948295;-1.6851122313920173
gen.0.9.6.2;ğŸ‡¨ğŸ‡¦;-13.956264010003977;-2.4196712539821363
gen.0.9.6.2;ğŸ‡©ğŸ‡ª;-14.010075234943056;-2.5982158480582673
gen.0.9.6.2;ğŸ‡¦ğŸ‡º;-14.373408441420825;-2.4883919968534842
gen.0.9.6.2;ğŸ‡ªğŸ‡¸;-14.175722313967187;-2.9087654244553884
gen.0.9.6.2;ğŸ‡²ğŸ‡¦;-14.50639259921736;-2.736929389071882
